hour,wet_bulb_C
0,13.3
1,13.59
2,13.27
3,13.79
4,14.39
5,13.51
6,13.03
7,13.03
8,14.55
9,14.73
10,14.76
11,14.52
12,13.98
13,13.74
14,13.52
15,13.99
16,13.73
17,12.85
18,12.05
19,10.72
20,9.39
21,8.31
22,7.5
23,7.14
24,6.31
25,5.48
26,4.93
27,4.37
28,3.91
29,3.44
30,2.98
31,2.54
32,2.41
33,2.78
34,3.84
35,5.3
36,6.56
37,8.0
38,9.21
39,10.08
40,9.97
41,9.79
42,9.8
43,9.26
44,8.61
45,8.32
46,8.92
47,9.02
48,8.53
49,8.03
50,8.13
51,8.03
52,7.35
53,6.86
54,6.16
55,5.85
56,6.85
57,6.76
58,6.96
59,7.55
60,8.21
61,9.02
62,9.92
63,10.52
64,10.52
65,10.0
66,9.55
67,9.05
68,8.13
69,7.74
70,7.35
71,6.95
72,6.45
73,6.26
74,5.96
75,5.18
76,4.78
77,4.39
78,3.99
79,3.8
80,3.69
81,4.32
82,6.01
83,7.62
84,8.84
85,9.38
86,10.03
87,9.98
88,9.87
89,9.33
90,8.85
91,8.43
92,7.38
93,7.63
94,7.67
95,8.52
96,9.22
97,10.02
98,10.5
99,11.01
100,11.75
101,12.27
102,12.38
103,12.11
104,13.61
105,9.33
106,9.03
107,9.42
108,9.21
109,10.09
110,12.02
111,12.67
112,12.11
113,11.75
114,11.06
115,9.0
116,7.79
117,7.16
118,7.16
119,6.68
120,6.48
121,5.77
122,5.37
123,5.36
124,5.67
125,5.39
126,4.61
127,4.51
128,3.85
129,5.06
130,7.25
131,8.67
132,9.32
133,10.05
134,10.49
135,10.81
136,10.96
137,10.7
138,10.81
139,8.67
140,8.84
141,8.21
142,7.74
143,7.07
144,6.68
145,6.29
146,5.78
147,5.18
148,5.09
149,4.7
150,4.19
151,3.79
152,4.34
153,5.06
154,7.35
155,8.96
156,9.58
157,9.76
158,9.63
159,9.94
160,9.8
161,8.95
162,8.67
163,8.77
164,8.31
165,8.31
166,8.87
167,9.24
168,9.83
169,10.58
170,11.35
171,11.76
172,12.38
173,13.08
174,13.82
175,14.55
176,15.17
177,16.08
178,16.88
179,17.43
180,17.52
181,17.63
182,19.43
183,21.17
184,21.56
185,18.89
186,11.53
187,10.17
188,10.13
189,9.03
190,8.48
191,7.03
192,6.37
193,6.38
194,5.82
195,3.54
196,2.16
197,1.76
198,1.17
199,0.92
200,0.97
201,1.19
202,2.29
203,2.81
204,3.62
205,4.42
206,4.87
207,5.27
208,5.48
209,5.43
210,4.98
211,3.87
212,3.38
213,2.56
214,1.93
215,1.59
216,1.47
217,1.25
218,0.84
219,0.88
220,0.87
221,0.52
222,0.12
223,-0.09
224,-0.33
225,1.19
226,4.42
227,8.08
228,10.03
229,11.43
230,12.49
231,12.85
232,12.93
233,13.17
234,13.02
235,12.21
236,11.47
237,11.19
238,11.24
239,11.36
240,11.37
241,11.48
242,11.68
243,11.88
244,11.6
245,11.32
246,11.33
247,12.02
248,14.31
249,14.92
250,16.6
251,17.3
252,18.76
253,19.08
254,19.22
255,19.04
256,19.54
257,19.2
258,18.74
259,18.18
260,18.41
261,18.59
262,18.91
263,18.57
264,18.47
265,18.79
266,19.02
267,19.14
268,19.24
269,17.69
270,14.26
271,9.31
272,8.25
273,7.12
274,7.86
275,5.72
276,4.64
277,4.2
278,3.94
279,4.02
280,4.18
281,3.92
282,3.46
283,2.48
284,2.47
285,1.84
286,1.34
287,1.16
288,1.02
289,0.94
290,0.84
291,0.91
292,0.48
293,0.37
294,0.54
295,0.87
296,0.17
297,1.26
298,4.18
299,6.66
300,8.24
301,9.03
302,9.6
303,10.09
304,10.34
305,10.16
306,9.85
307,9.23
308,9.15
309,8.97
310,8.67
311,8.42
312,8.62
313,9.01
314,8.03
315,8.72
316,8.03
317,7.24
318,6.84
319,4.05
320,2.01
321,1.47
322,1.63
323,2.89
324,4.42
325,5.04
326,5.3
327,5.3
328,5.12
329,4.67
330,4.3
331,3.84
332,0.48
333,-0.01
334,-0.32
335,-0.24
336,-0.45
337,-1.0
338,-1.49
339,-1.54
340,-1.33
341,-1.12
342,-0.6
343,-0.48
344,-2.18
345,-1.94
346,-1.75
347,-1.37
348,-0.55
349,-0.99
350,-0.99
351,-0.64
352,-0.51
353,-0.08
354,-0.33
355,-0.88
356,-4.55
357,-5.16
358,-5.61
359,-6.26
360,-6.64
361,-7.01
362,-7.51
363,-7.73
364,-7.91
365,-8.14
366,-8.55
367,-9.05
368,-9.94
369,-9.77
370,-8.59
371,-7.59
372,-6.14
373,-5.17
374,-4.34
375,-3.78
376,-3.46
377,-3.54
378,-4.19
379,-5.21
380,-5.54
381,-6.12
382,-6.47
383,-6.92
384,-7.37
385,-7.65
386,-7.74
387,-7.76
388,-7.75
389,-7.85
390,-7.82
391,-7.82
392,-8.68
393,-8.28
394,-6.49
395,-4.51
396,-2.68
397,-0.7
398,1.06
399,3.06
400,3.69
401,4.4
402,4.47
403,4.07
404,3.07
405,4.13
406,5.35
407,6.2
408,7.16
409,8.22
410,9.3
411,9.9
412,10.31
413,10.61
414,10.32
415,9.63
416,9.22
417,9.12
418,9.69
419,10.92
420,11.86
421,12.97
422,14.31
423,15.47
424,16.03
425,16.12
426,15.84
427,14.27
428,12.98
429,12.02
430,11.43
431,10.64
432,9.84
433,9.43
434,9.43
435,8.63
436,7.64
437,6.0
438,4.59
439,3.59
440,4.03
441,3.78
442,4.29
443,4.42
444,4.85
445,5.17
446,5.57
447,6.0
448,5.73
449,4.79
450,3.64
451,2.46
452,2.55
453,1.63
454,0.96
455,0.19
456,-0.44
457,-1.15
458,-1.78
459,-2.29
460,-2.86
461,-3.38
462,-3.72
463,-4.11
464,-4.14
465,-3.92
466,-3.02
467,-1.83
468,-0.47
469,0.54
470,1.43
471,2.36
472,2.71
473,2.71
474,2.38
475,1.39
476,1.32
477,1.41
478,1.42
479,1.39
480,0.62
481,0.14
482,-0.28
483,-0.84
484,-1.34
485,-1.75
486,-2.0
487,-2.16
488,-1.97
489,-2.0
490,-1.84
491,-1.26
492,-0.68
493,0.04
494,0.76
495,1.29
496,1.73
497,1.92
498,2.44
499,2.9
500,1.81
501,2.44
502,3.19
503,4.81
504,7.06
505,8.43
506,9.42
507,10.7
508,11.99
509,12.79
510,13.67
511,14.27
512,12.7
513,13.21
514,13.9
515,15.77
516,17.02
517,17.31
518,17.71
519,17.51
520,17.04
521,16.96
522,16.96
523,16.36
524,16.78
525,16.38
526,16.28
527,16.08
528,15.7
529,15.42
530,15.92
531,16.28
532,16.56
533,16.48
534,16.6
535,16.58
536,16.8
537,16.78
538,16.84
539,18.27
540,18.79
541,19.22
542,18.97
543,19.01
544,19.86
545,19.46
546,19.19
547,18.89
548,17.99
549,17.9
550,18.44
551,17.84
552,17.46
553,17.64
554,17.34
555,16.87
556,16.87
557,16.77
558,16.17
559,15.87
560,16.24
561,16.34
562,16.4
563,17.44
564,17.32
565,16.87
566,16.69
567,16.87
568,17.53
569,17.12
570,16.86
571,16.42
572,16.8
573,16.38
574,15.36
575,15.04
576,14.89
577,14.75
578,14.69
579,14.69
580,14.81
581,14.81
582,14.39
583,14.28
584,13.28
585,13.67
586,14.81
587,15.68
588,16.06
589,16.3
590,16.22
591,16.45
592,16.53
593,16.49
594,17.21
595,15.9
596,13.23
597,12.71
598,12.49
599,11.8
600,11.31
601,11.21
602,11.02
603,10.33
604,10.23
605,10.23
606,9.83
607,9.93
608,12.23
609,12.83
610,13.54
611,14.27
612,15.52
613,16.83
614,16.26
615,15.74
616,16.05
617,16.31
618,16.3
619,16.34
620,16.24
621,16.02
622,16.14
623,15.73
624,15.12
625,14.81
626,13.92
627,13.52
628,12.72
629,12.23
630,12.33
631,12.62
632,12.51
633,11.99
634,11.73
635,11.74
636,11.15
637,11.53
638,11.44
639,11.53
640,11.6
641,11.03
642,10.19
643,9.43
644,8.2
645,7.54
646,7.26
647,6.87
648,6.57
649,6.19
650,5.79
651,5.5
652,5.19
653,4.78
654,4.2
655,3.45
656,3.95
657,3.89
658,4.44
659,5.67
660,7.21
661,8.22
662,9.04
663,9.6
664,9.68
665,9.6
666,9.28
667,7.66
668,7.07
669,6.48
670,5.94
671,5.44
672,5.03
673,4.62
674,4.0
675,3.61
676,3.62
677,2.99
678,2.99
679,2.36
680,2.15
681,3.48
682,6.4
683,8.88
684,10.02
685,10.54
686,10.93
687,11.22
688,11.38
689,11.43
690,12.02
691,9.68
692,9.11
693,8.63
694,7.8
695,6.96
696,6.59
697,5.85
698,5.39
699,4.84
700,4.85
701,4.48
702,4.39
703,4.39
704,4.48
705,5.3
706,7.5
707,9.26
708,11.19
709,12.54
710,13.13
711,13.44
712,13.47
713,13.58
714,13.57
715,11.6
716,10.94
717,10.17
718,9.56
719,9.12
720,8.67
721,8.3
722,7.93
723,7.64
724,7.45
725,7.25
726,6.95
727,6.76
728,6.66
729,7.16
730,9.06
731,10.95
732,12.6
733,14.06
734,14.71
735,14.68
736,14.42
737,14.34
738,15.89
739,13.21
740,12.81
741,12.41
742,11.78
743,11.11
744,10.53
745,9.94
746,9.55
747,8.98
748,8.7
749,8.6
750,8.65
751,8.19
752,7.55
753,8.5
754,10.3
755,12.1
756,13.91
757,15.47
758,15.95
759,15.77
760,15.14
761,15.19
762,15.2
763,15.42
764,14.81
765,14.08
766,13.7
767,13.79
768,13.98
769,13.41
770,12.92
771,12.62
772,12.12
773,11.92
774,12.02
775,12.12
776,12.92
777,13.81
778,15.26
779,17.18
780,17.91
781,18.06
782,17.94
783,17.71
784,17.3
785,17.76
786,17.68
787,16.68
788,16.31
789,15.93
790,15.64
791,15.44
792,15.3
793,15.44
794,15.55
795,15.8
796,15.79
797,16.3
798,16.68
799,17.08
800,15.15
801,15.07
802,14.01
803,13.49
804,13.23
805,14.03
806,15.56
807,15.15
808,15.85
809,15.86
810,15.42
811,13.41
812,14.15
813,11.74
814,11.87
815,9.92
816,7.87
817,6.86
818,7.21
819,7.22
820,7.5
821,7.51
822,7.42
823,6.63
824,7.07
825,7.03
826,8.93
827,9.97
828,10.8
829,11.17
830,11.93
831,12.38
832,12.6
833,12.1
834,11.76
835,11.12
836,11.11
837,10.89
838,10.38
839,10.03
840,9.96
841,9.77
842,9.74
843,9.45
844,9.15
845,9.05
846,9.51
847,9.6
848,10.26
849,10.5
850,10.85
851,10.65
852,10.54
853,11.06
854,11.75
855,12.18
856,12.35
857,12.37
858,12.13
859,11.12
860,10.66
861,10.21
862,9.87
863,9.33
864,8.77
865,8.21
866,7.74
867,7.45
868,7.16
869,6.76
870,6.46
871,6.16
872,5.77
873,6.87
874,8.68
875,10.12
876,11.32
877,11.72
878,12.19
879,12.45
880,12.71
881,12.84
882,12.62
883,12.44
884,12.02
885,10.24
886,9.95
887,8.74
888,7.91
889,7.35
890,7.55
891,8.13
892,8.13
893,7.15
894,7.15
895,6.06
896,6.27
897,7.64
898,10.87
899,12.7
900,13.91
901,14.6
902,15.38
903,15.11
904,15.24
905,15.15
906,15.35
907,14.98
908,14.47
909,14.07
910,14.17
911,14.63
912,14.94
913,15.03
914,14.96
915,14.92
916,15.06
917,15.13
918,15.3
919,15.25
920,15.58
921,15.97
922,16.59
923,17.91
924,18.65
925,18.42
926,18.1
927,18.57
928,18.35
929,18.9
930,18.49
931,18.37
932,17.59
933,17.47
934,17.19
935,16.64
936,16.38
937,16.32
938,16.52
939,16.9
940,17.0
941,17.1
942,17.12
943,16.14
944,17.94
945,18.39
946,18.79
947,19.19
948,19.54
949,19.64
950,19.64
951,19.32
952,18.91
953,18.99
954,18.97
955,18.27
956,17.98
957,17.28
958,17.6
959,17.44
960,17.42
961,16.97
962,16.67
963,16.44
964,16.64
965,16.75
966,16.92
967,16.98
968,18.61
969,18.25
970,18.91
971,19.44
972,19.9
973,20.0
974,20.08
975,19.5
976,19.22
977,19.65
978,19.42
979,19.51
980,19.12
981,18.72
982,18.35
983,18.96
984,18.74
985,18.29
986,18.52
987,18.76
988,18.76
989,19.26
990,19.64
991,19.74
992,20.26
993,20.36
994,20.54
995,20.49
996,20.45
997,18.99
998,17.58
999,18.69
1000,18.44
1001,17.26
1002,16.62
1003,15.32
1004,13.94
1005,11.56
1006,10.32
1007,9.16
1008,8.2
1009,7.44
1010,6.69
1011,5.75
1012,5.08
1013,4.44
1014,4.46
1015,3.64
1016,3.54
1017,3.73
1018,4.22
1019,5.3
1020,6.49
1021,7.35
1022,8.04
1023,8.63
1024,8.83
1025,8.75
1026,8.45
1027,7.47
1028,6.81
1029,6.21
1030,5.66
1031,5.37
1032,4.81
1033,4.4
1034,3.99
1035,3.75
1036,3.51
1037,3.43
1038,3.96
1039,4.05
1040,4.51
1041,5.19
1042,7.54
1043,8.51
1044,9.1
1045,9.43
1046,9.86
1047,9.96
1048,10.21
1049,10.21
1050,9.96
1051,9.69
1052,8.41
1053,7.42
1054,6.96
1055,6.59
1056,6.69
1057,6.39
1058,5.79
1059,5.59
1060,6.49
1061,6.39
1062,6.29
1063,4.77
1064,5.25
1065,7.15
1066,9.86
1067,10.85
1068,11.1
1069,11.31
1070,11.41
1071,11.59
1072,12.04
1073,11.93
1074,11.55
1075,11.0
1076,10.98
1077,11.54
1078,11.56
1079,11.67
1080,11.86
1081,11.36
1082,11.09
1083,10.7
1084,11.55
1085,12.03
1086,12.35
1087,12.55
1088,13.03
1089,13.62
1090,14.92
1091,16.01
1092,16.91
1093,17.42
1094,17.79
1095,17.69
1096,17.77
1097,17.53
1098,17.31
1099,17.27
1100,17.0
1101,16.33
1102,15.72
1103,15.72
1104,15.81
1105,15.54
1106,15.29
1107,15.6
1108,15.72
1109,15.92
1110,16.02
1111,16.14
1112,16.72
1113,16.72
1114,16.52
1115,16.38
1116,16.96
1117,17.39
1118,17.84
1119,17.98
1120,18.04
1121,17.85
1122,17.47
1123,17.15
1124,16.56
1125,16.32
1126,15.83
1127,15.75
1128,15.65
1129,15.3
1130,12.78
1131,10.5
1132,8.58
1133,7.0
1134,5.83
1135,4.77
1136,4.95
1137,4.23
1138,4.14
1139,4.59
1140,4.86
1141,5.12
1142,5.12
1143,5.46
1144,5.37
1145,4.85
1146,4.5
1147,4.07
1148,2.92
1149,2.45
1150,2.17
1151,1.57
1152,1.32
1153,1.13
1154,0.9
1155,0.76
1156,0.61
1157,0.15
1158,-0.33
1159,-0.85
1160,-0.99
1161,-0.24
1162,0.97
1163,2.24
1164,3.47
1165,4.58
1166,5.41
1167,5.98
1168,6.22
1169,6.32
1170,6.08
1171,5.67
1172,4.84
1173,3.98
1174,3.49
1175,2.94
1176,2.31
1177,1.64
1178,1.32
1179,0.99
1180,0.89
1181,0.95
1182,1.58
1183,1.26
1184,1.1
1185,2.32
1186,5.47
1187,6.23
1188,6.97
1189,7.83
1190,8.65
1191,9.47
1192,10.25
1193,10.9
1194,11.02
1195,10.25
1196,9.57
1197,8.96
1198,8.79
1199,8.61
1200,8.62
1201,8.62
1202,8.53
1203,8.43
1204,8.13
1205,7.53
1206,7.43
1207,7.53
1208,7.32
1209,10.63
1210,13.06
1211,15.23
1212,16.65
1213,17.43
1214,17.84
1215,17.94
1216,17.93
1217,17.93
1218,17.67
1219,16.97
1220,16.42
1221,15.6
1222,14.7
1223,14.04
1224,13.76
1225,13.46
1226,13.28
1227,13.3
1228,13.21
1229,13.21
1230,13.22
1231,13.12
1232,13.43
1233,15.01
1234,17.01
1235,18.04
1236,18.06
1237,18.35
1238,18.26
1239,18.41
1240,18.12
1241,17.83
1242,17.35
1243,16.69
1244,16.95
1245,16.71
1246,16.35
1247,16.06
1248,15.99
1249,15.52
1250,15.46
1251,15.5
1252,15.7
1253,15.7
1254,15.8
1255,15.99
1256,16.66
1257,16.91
1258,17.72
1259,18.2
1260,18.61
1261,19.17
1262,19.27
1263,19.27
1264,19.85
1265,19.48
1266,19.54
1267,19.0
1268,18.05
1269,17.66
1270,17.26
1271,17.12
1272,16.82
1273,16.5
1274,15.93
1275,13.48
1276,11.83
1277,11.09
1278,11.0
1279,10.85
1280,10.85
1281,11.7
1282,13.36
1283,13.96
1284,14.28
1285,14.25
1286,14.19
1287,14.28
1288,13.95
1289,13.48
1290,13.59
1291,12.45
1292,11.47
1293,10.95
1294,10.37
1295,9.9
1296,9.37
1297,8.99
1298,8.18
1299,8.18
1300,7.43
1301,7.16
1302,6.97
1303,6.97
1304,6.1
1305,8.29
1306,11.27
1307,13.39
1308,13.69
1309,13.28
1310,13.09
1311,13.39
1312,13.46
1313,13.58
1314,14.28
1315,13.61
1316,12.07
1317,10.2
1318,9.51
1319,9.46
1320,9.54
1321,9.45
1322,9.43
1323,9.68
1324,9.83
1325,10.06
1326,10.28
1327,10.48
1328,10.6
1329,12.7
1330,15.01
1331,16.87
1332,17.67
1333,17.73
1334,17.89
1335,18.44
1336,18.53
1337,17.96
1338,17.53
1339,16.95
1340,16.97
1341,16.86
1342,16.66
1343,16.74
1344,16.76
1345,16.66
1346,16.78
1347,16.78
1348,16.9
1349,16.9
1350,17.02
1351,17.02
1352,17.52
1353,18.25
1354,18.67
1355,19.29
1356,19.96
1357,21.03
1358,21.6
1359,22.0
1360,22.0
1361,21.47
1362,20.7
1363,19.82
1364,19.06
1365,18.92
1366,19.24
1367,19.39
1368,19.39
1369,19.29
1370,19.29
1371,19.19
1372,19.19
1373,19.09
1374,18.99
1375,18.82
1376,19.02
1377,19.18
1378,19.7
1379,20.15
1380,21.2
1381,21.75
1382,21.79
1383,21.59
1384,21.45
1385,21.27
1386,20.89
1387,20.41
1388,19.95
1389,19.61
1390,19.53
1391,19.61
1392,19.74
1393,19.66
1394,19.59
1395,19.29
1396,19.19
1397,19.19
1398,18.91
1399,19.29
1400,20.23
1401,20.47
1402,20.66
1403,13.81
1404,13.05
1405,12.52
1406,12.19
1407,11.91
1408,11.55
1409,10.67
1410,9.49
1411,8.38
1412,6.91
1413,5.9
1414,5.32
1415,5.05
1416,4.92
1417,5.02
1418,5.37
1419,5.47
1420,5.64
1421,5.36
1422,4.92
1423,4.79
1424,4.77
1425,4.93
1426,5.3
1427,5.79
1428,7.23
1429,7.96
1430,8.52
1431,8.92
1432,9.14
1433,9.33
1434,9.26
1435,9.62
1436,8.57
1437,8.77
1438,8.48
1439,8.1
1440,8.01
1441,8.02
1442,8.12
1443,8.22
1444,8.32
1445,8.42
1446,8.83
1447,8.82
1448,8.23
1449,8.92
1450,9.69
1451,11.42
1452,12.93
1453,13.81
1454,14.61
1455,15.65
1456,16.25
1457,16.11
1458,16.03
1459,16.04
1460,15.35
1461,14.96
1462,14.18
1463,13.31
1464,12.74
1465,12.57
1466,11.91
1467,11.62
1468,11.72
1469,12.81
1470,12.98
1471,13.18
1472,13.2
1473,13.56
1474,14.4
1475,15.11
1476,15.78
1477,16.91
1478,17.22
1479,17.75
1480,17.88
1481,17.6
1482,16.69
1483,16.08
1484,15.99
1485,15.6
1486,15.84
1487,15.88
1488,15.79
1489,15.63
1490,15.26
1491,14.86
1492,15.77
1493,16.27
1494,16.67
1495,17.07
1496,17.96
1497,18.52
1498,18.89
1499,19.36
1500,20.02
1501,20.45
1502,21.03
1503,20.93
1504,21.03
1505,20.7
1506,20.39
1507,20.16
1508,19.84
1509,19.81
1510,19.54
1511,19.06
1512,18.98
1513,18.98
1514,18.98
1515,18.88
1516,18.76
1517,18.58
1518,18.78
1519,18.36
1520,19.36
1521,19.84
1522,18.81
1523,18.25
1524,19.61
1525,20.6
1526,21.58
1527,21.44
1528,21.47
1529,21.37
1530,21.17
1531,21.13
1532,20.12
1533,20.46
1534,20.04
1535,20.16
1536,20.26
1537,20.09
1538,19.89
1539,19.68
1540,19.68
1541,19.89
1542,18.86
1543,17.66
1544,17.99
1545,18.52
1546,19.09
1547,19.64
1548,20.47
1549,20.68
1550,21.18
1551,20.96
1552,20.87
1553,21.12
1554,21.41
1555,20.77
1556,18.89
1557,18.77
1558,18.29
1559,17.74
1560,16.94
1561,16.65
1562,16.35
1563,16.07
1564,15.67
1565,14.96
1566,15.46
1567,15.97
1568,17.27
1569,17.67
1570,17.98
1571,18.27
1572,18.89
1573,19.55
1574,20.08
1575,20.19
1576,20.22
1577,20.04
1578,20.24
1579,19.61
1580,18.4
1581,17.67
1582,17.02
1583,16.75
1584,16.77
1585,16.67
1586,16.37
1587,16.27
1588,16.37
1589,16.67
1590,17.07
1591,17.27
1592,18.68
1593,18.7
1594,18.94
1595,19.35
1596,19.91
1597,19.95
1598,19.71
1599,19.65
1600,19.39
1601,19.36
1602,19.67
1603,19.74
1604,19.94
1605,19.74
1606,19.61
1607,19.49
1608,19.24
1609,19.66
1610,20.01
1611,20.14
1612,20.24
1613,20.46
1614,19.66
1615,19.61
1616,20.51
1617,18.79
1618,19.14
1619,20.21
1620,19.88
1621,20.16
1622,20.75
1623,21.45
1624,21.44
1625,20.96
1626,20.52
1627,19.7
1628,19.97
1629,18.96
1630,18.42
1631,17.81
1632,17.02
1633,16.59
1634,15.58
1635,14.6
1636,12.7
1637,11.41
1638,10.46
1639,9.67
1640,8.76
1641,7.43
1642,7.51
1643,8.41
1644,9.18
1645,10.21
1646,10.89
1647,11.63
1648,11.6
1649,11.57
1650,11.16
1651,10.47
1652,9.64
1653,9.21
1654,8.69
1655,8.44
1656,8.1
1657,7.73
1658,7.45
1659,7.06
1660,6.87
1661,6.58
1662,6.11
1663,5.75
1664,6.09
1665,7.82
1666,8.55
1667,9.28
1668,9.6
1669,10.17
1670,10.82
1671,11.32
1672,11.51
1673,11.59
1674,11.56
1675,12.14
1676,10.72
1677,10.61
1678,10.21
1679,9.53
1680,9.44
1681,9.21
1682,9.17
1683,9.28
1684,9.1
1685,9.12
1686,9.15
1687,9.09
1688,9.87
1689,10.52
1690,11.23
1691,11.87
1692,13.11
1693,13.92
1694,14.22
1695,14.44
1696,14.41
1697,14.28
1698,13.82
1699,12.94
1700,12.6
1701,12.57
1702,12.57
1703,12.34
1704,12.11
1705,11.94
1706,11.87
1707,11.97
1708,12.08
1709,12.19
1710,12.0
1711,11.71
1712,12.71
1713,15.07
1714,16.76
1715,17.55
1716,17.74
1717,17.59
1718,17.67
1719,17.73
1720,17.94
1721,17.94
1722,17.67
1723,17.45
1724,16.93
1725,16.5
1726,16.48
1727,16.64
1728,16.78
1729,16.8
1730,16.78
1731,17.12
1732,17.14
1733,16.6
1734,16.8
1735,16.68
1736,18.4
1737,19.38
1738,20.16
1739,20.39
1740,21.08
1741,21.44
1742,21.72
1743,21.95
1744,22.08
1745,21.94
1746,21.73
1747,21.82
1748,21.36
1749,21.25
1750,21.25
1751,21.24
1752,21.41
1753,21.11
1754,20.94
1755,20.76
1756,20.74
1757,20.91
1758,20.94
1759,20.94
1760,19.29
1761,20.97
1762,22.3
1763,22.68
1764,22.58
1765,22.82
1766,22.79
1767,22.39
1768,22.6
1769,22.34
1770,22.54
1771,22.41
1772,20.5
1773,19.86
1774,19.54
1775,19.54
1776,19.44
1777,19.99
1778,20.39
1779,20.49
1780,20.68
1781,20.88
1782,21.01
1783,21.11
1784,23.01
1785,23.11
1786,20.18
1787,21.42
1788,22.39
1789,22.65
1790,22.28
1791,22.39
1792,22.01
1793,21.4
1794,20.81
1795,20.53
1796,19.82
1797,19.64
1798,19.19
1799,18.79
1800,18.61
1801,18.42
1802,18.34
1803,18.44
1804,18.74
1805,18.74
1806,18.54
1807,18.59
1808,18.19
1809,18.94
1810,19.5
1811,20.1
1812,20.19
1813,20.45
1814,20.71
1815,20.35
1816,20.55
1817,20.42
1818,20.45
1819,20.15
1820,19.75
1821,19.49
1822,19.51
1823,19.22
1824,19.02
1825,18.94
1826,18.97
1827,18.76
1828,18.94
1829,19.14
1830,19.14
1831,19.16
1832,18.66
1833,19.01
1834,19.6
1835,19.74
1836,19.4
1837,19.34
1838,19.64
1839,20.07
1840,20.07
1841,19.71
1842,19.45
1843,18.8
1844,18.04
1845,17.99
1846,17.51
1847,16.94
1848,16.46
1849,16.0
1850,15.27
1851,14.94
1852,14.85
1853,13.83
1854,12.59
1855,11.17
1856,12.02
1857,11.09
1858,10.49
1859,10.13
1860,10.77
1861,11.45
1862,11.43
1863,11.51
1864,11.28
1865,11.02
1866,10.53
1867,10.09
1868,8.97
1869,8.52
1870,8.01
1871,7.57
1872,7.53
1873,7.01
1874,6.1
1875,5.11
1876,4.42
1877,4.06
1878,3.86
1879,3.66
1880,4.47
1881,6.12
1882,7.22
1883,8.04
1884,8.42
1885,9.02
1886,9.88
1887,10.29
1888,10.61
1889,10.82
1890,10.92
1891,11.34
1892,10.81
1893,10.87
1894,10.74
1895,10.74
1896,10.42
1897,9.89
1898,9.8
1899,9.71
1900,9.22
1901,9.32
1902,10.48
1903,10.99
1904,11.36
1905,11.72
1906,12.22
1907,13.5
1908,13.94
1909,14.25
1910,15.02
1911,15.24
1912,15.27
1913,14.86
1914,14.55
1915,13.91
1916,13.21
1917,13.27
1918,13.02
1919,13.28
1920,13.01
1921,13.32
1922,14.24
1923,14.98
1924,15.3
1925,15.44
1926,15.26
1927,14.98
1928,16.88
1929,16.92
1930,16.66
1931,17.08
1932,17.93
1933,18.27
1934,18.77
1935,19.0
1936,19.06
1937,18.36
1938,17.51
1939,17.42
1940,17.4
1941,16.86
1942,16.88
1943,16.9
1944,16.52
1945,16.14
1946,15.26
1947,14.96
1948,14.96
1949,15.73
1950,16.42
1951,17.22
1952,16.34
1953,17.75
1954,18.03
1955,18.08
1956,18.37
1957,18.3
1958,17.91
1959,17.85
1960,17.85
1961,17.5
1962,16.57
1963,16.01
1964,14.61
1965,14.28
1966,13.0
1967,12.11
1968,11.58
1969,11.43
1970,11.09
1971,10.74
1972,10.76
1973,10.67
1974,10.67
1975,10.88
1976,11.88
1977,13.37
1978,14.51
1979,15.72
1980,16.64
1981,16.9
1982,16.86
1983,17.0
1984,17.12
1985,16.68
1986,16.19
1987,17.97
1988,15.28
1989,15.03
1990,14.31
1991,13.9
1992,13.5
1993,13.03
1994,13.11
1995,13.45
1996,13.7
1997,14.37
1998,14.78
1999,14.47
2000,14.39
2001,15.87
2002,16.36
2003,16.67
2004,16.7
2005,17.12
2006,17.48
2007,17.43
2008,17.74
2009,17.8
2010,17.97
2011,17.94
2012,17.72
2013,17.65
2014,17.64
2015,17.93
2016,17.93
2017,17.76
2018,18.08
2019,18.05
2020,17.81
2021,17.9
2022,18.1
2023,18.34
2024,18.13
2025,18.93
2026,20.0
2027,20.19
2028,21.45
2029,22.54
2030,18.2
2031,18.61
2032,17.6
2033,16.79
2034,16.71
2035,16.49
2036,14.82
2037,14.3
2038,13.84
2039,13.14
2040,12.66
2041,13.75
2042,13.54
2043,12.13
2044,10.35
2045,9.02
2046,7.85
2047,6.57
2048,8.08
2049,8.13
2050,8.9
2051,9.81
2052,10.78
2053,11.55
2054,12.28
2055,12.6
2056,12.8
2057,12.72
2058,12.3
2059,12.64
2060,11.1
2061,10.16
2062,9.73
2063,9.23
2064,8.8
2065,8.35
2066,8.09
2067,8.11
2068,8.02
2069,7.83
2070,7.45
2071,7.63
2072,8.19
2073,8.94
2074,10.03
2075,10.92
2076,12.02
2077,11.72
2078,12.16
2079,12.39
2080,12.37
2081,12.2
2082,12.43
2083,12.83
2084,11.67
2085,11.43
2086,11.6
2087,11.92
2088,11.46
2089,10.69
2090,11.26
2091,11.07
2092,10.88
2093,10.58
2094,9.63
2095,8.33
2096,8.63
2097,11.13
2098,13.32
2099,13.94
2100,14.65
2101,15.2
2102,15.41
2103,15.7
2104,15.64
2105,15.58
2106,15.13
2107,14.12
2108,13.69
2109,13.27
2110,13.19
2111,13.05
2112,13.09
2113,13.01
2114,13.03
2115,12.95
2116,12.75
2117,12.76
2118,12.87
2119,12.67
2120,13.75
2121,15.65
2122,16.84
2123,16.71
2124,16.3
2125,16.27
2126,16.13
2127,15.64
2128,15.45
2129,15.53
2130,15.63
2131,15.54
2132,15.07
2133,15.03
2134,15.01
2135,15.11
2136,15.15
2137,15.21
2138,15.48
2139,15.35
2140,15.21
2141,14.93
2142,14.65
2143,14.17
2144,15.68
2145,17.17
2146,18.35
2147,18.75
2148,18.82
2149,19.45
2150,19.53
2151,19.53
2152,19.3
2153,18.67
2154,18.6
2155,18.12
2156,17.72
2157,17.42
2158,17.49
2159,17.4
2160,17.27
2161,17.24
2162,17.28
2163,17.48
2164,18.07
2165,18.6
2166,18.77
2167,18.59
2168,20.3
2169,20.94
2170,21.39
2171,21.5
2172,21.97
2173,22.14
2174,22.27
2175,22.19
2176,21.91
2177,21.34
2178,21.17
2179,20.91
2180,20.41
2181,20.26
2182,20.6
2183,21.0
2184,21.22
2185,21.42
2186,21.32
2187,21.19
2188,21.22
2189,21.22
2190,21.19
2191,21.0
2192,21.53
2193,21.65
2194,21.86
2195,21.96
2196,22.36
2197,22.48
2198,22.82
2199,22.85
2200,22.91
2201,22.61
2202,22.39
2203,22.2
2204,21.75
2205,21.69
2206,21.69
2207,21.66
2208,21.62
2209,21.52
2210,21.85
2211,21.28
2212,20.74
2213,20.91
2214,21.38
2215,18.08
2216,16.87
2217,17.47
2218,17.08
2219,18.02
2220,16.95
2221,17.35
2222,16.96
2223,16.77
2224,16.75
2225,16.64
2226,16.39
2227,15.46
2228,14.19
2229,13.15
2230,11.75
2231,11.04
2232,10.37
2233,9.9
2234,9.47
2235,9.15
2236,9.03
2237,8.63
2238,8.29
2239,8.11
2240,9.13
2241,10.63
2242,11.31
2243,12.07
2244,12.54
2245,13.0
2246,13.55
2247,13.59
2248,13.89
2249,13.97
2250,13.84
2251,13.79
2252,12.6
2253,12.1
2254,11.6
2255,11.21
2256,10.95
2257,10.68
2258,10.6
2259,10.06
2260,9.47
2261,9.08
2262,8.98
2263,9.17
2264,10.45
2265,12.21
2266,13.4
2267,14.18
2268,14.74
2269,15.44
2270,15.77
2271,15.93
2272,15.9
2273,15.4
2274,15.39
2275,16.61
2276,15.23
2277,13.99
2278,14.11
2279,13.62
2280,13.02
2281,12.53
2282,12.12
2283,11.68
2284,11.67
2285,11.86
2286,12.01
2287,12.32
2288,13.71
2289,15.46
2290,16.92
2291,17.92
2292,18.74
2293,18.88
2294,19.19
2295,19.25
2296,18.14
2297,17.25
2298,16.35
2299,16.19
2300,14.25
2301,13.7
2302,14.03
2303,14.89
2304,15.62
2305,15.77
2306,15.89
2307,16.08
2308,15.89
2309,15.89
2310,15.77
2311,16.07
2312,17.41
2313,18.77
2314,19.17
2315,19.27
2316,19.36
2317,19.5
2318,19.24
2319,18.76
2320,18.96
2321,18.72
2322,18.75
2323,19.34
2324,19.58
2325,19.48
2326,19.32
2327,19.31
2328,19.24
2329,19.24
2330,19.22
2331,19.44
2332,19.98
2333,20.37
2334,20.83
2335,20.76
2336,21.01
2337,21.46
2338,22.08
2339,22.16
2340,22.01
2341,22.53
2342,22.61
2343,22.28
2344,22.34
2345,22.91
2346,22.3
2347,21.83
2348,22.05
2349,21.65
2350,21.41
2351,21.04
2352,20.76
2353,20.86
2354,21.01
2355,21.11
2356,21.31
2357,21.34
2358,21.44
2359,21.37
2360,21.18
2361,21.72
2362,22.44
2363,20.45
2364,20.28
2365,21.13
2366,20.91
2367,20.74
2368,21.04
2369,21.79
2370,21.04
2371,21.07
2372,22.12
2373,21.92
2374,21.79
2375,21.76
2376,21.66
2377,21.46
2378,21.39
2379,21.04
2380,21.0
2381,20.84
2382,20.77
2383,20.57
2384,20.26
2385,20.41
2386,21.07
2387,21.29
2388,22.38
2389,22.72
2390,23.2
2391,22.02
2392,21.66
2393,22.21
2394,22.86
2395,22.09
2396,20.01
2397,19.46
2398,18.55
2399,18.77
2400,19.07
2401,19.14
2402,19.27
2403,18.86
2404,18.81
2405,18.79
2406,18.84
2407,19.06
2408,18.15
2409,18.51
2410,18.74
2411,18.97
2412,18.68
2413,17.3
2414,17.12
2415,17.43
2416,16.98
2417,16.7
2418,16.21
2419,16.04
2420,15.1
2421,14.39
2422,13.87
2423,12.76
2424,11.49
2425,10.55
2426,10.17
2427,9.8
2428,9.63
2429,9.57
2430,9.31
2431,9.21
2432,10.43
2433,12.04
2434,13.22
2435,14.44
2436,15.41
2437,16.21
2438,16.47
2439,16.44
2440,16.07
2441,15.67
2442,16.06
2443,15.68
2444,14.01
2445,13.2
2446,12.7
2447,12.19
2448,11.92
2449,11.54
2450,11.13
2451,10.96
2452,10.67
2453,10.29
2454,10.29
2455,10.38
2456,12.34
2457,14.45
2458,15.27
2459,14.9
2460,14.6
2461,14.74
2462,15.14
2463,15.47
2464,15.64
2465,15.24
2466,14.76
2467,14.83
2468,13.61
2469,13.39
2470,13.58
2471,13.67
2472,13.41
2473,13.06
2474,13.45
2475,13.17
2476,13.18
2477,12.51
2478,12.32
2479,12.52
2480,15.03
2481,17.06
2482,18.26
2483,18.72
2484,19.34
2485,19.35
2486,19.02
2487,19.07
2488,18.48
2489,18.17
2490,17.78
2491,17.61
2492,17.16
2493,17.15
2494,16.96
2495,16.91
2496,17.15
2497,17.12
2498,17.06
2499,16.88
2500,16.9
2501,16.9
2502,16.9
2503,16.8
2504,18.23
2505,19.51
2506,19.89
2507,20.19
2508,20.15
2509,20.52
2510,20.89
2511,20.96
2512,20.54
2513,20.26
2514,19.95
2515,19.73
2516,19.05
2517,18.68
2518,18.72
2519,18.74
2520,18.67
2521,18.55
2522,18.57
2523,18.27
2524,18.39
2525,18.74
2526,18.87
2527,19.14
2528,19.89
2529,20.48
2530,20.91
2531,21.31
2532,21.64
2533,22.0
2534,22.04
2535,21.88
2536,22.0
2537,21.41
2538,20.79
2539,20.54
2540,20.55
2541,20.58
2542,20.51
2543,20.61
2544,20.21
2545,20.53
2546,20.59
2547,20.66
2548,20.46
2549,20.66
2550,20.86
2551,21.25
2552,21.56
2553,22.0
2554,22.63
2555,22.87
2556,23.09
2557,22.95
2558,23.25
2559,23.13
2560,22.94
2561,22.58
2562,22.44
2563,22.16
2564,21.72
2565,21.63
2566,21.82
2567,22.02
2568,22.12
2569,22.12
2570,22.12
2571,21.92
2572,21.86
2573,21.89
2574,21.72
2575,21.58
2576,22.12
2577,22.34
2578,22.47
2579,22.63
2580,22.77
2581,22.72
2582,22.48
2583,22.67
2584,22.67
2585,22.27
2586,21.9
2587,21.55
2588,21.72
2589,21.76
2590,22.09
2591,22.18
2592,22.22
2593,22.15
2594,21.98
2595,22.05
2596,22.01
2597,22.11
2598,21.98
2599,21.98
2600,22.45
2601,22.05
2602,22.57
2603,22.99
2604,23.28
2605,23.73
2606,23.89
2607,23.71
2608,23.42
2609,23.07
2610,22.71
2611,22.3
2612,21.69
2613,21.75
2614,21.95
2615,22.15
2616,22.38
2617,22.28
2618,22.25
2619,22.25
2620,22.25
2621,22.25
2622,22.01
2623,21.75
2624,23.01
2625,22.91
2626,22.54
2627,22.88
2628,23.43
2629,23.37
2630,23.37
2631,23.52
2632,23.52
2633,22.52
2634,22.71
2635,22.82
2636,22.67
2637,22.61
2638,22.44
2639,22.24
2640,21.97
2641,21.94
2642,21.91
2643,21.71
2644,21.58
2645,21.58
2646,21.68
2647,21.81
2648,22.35
2649,22.57
2650,22.77
2651,23.15
2652,23.15
2653,22.1
2654,21.36
2655,22.08
2656,21.89
2657,21.62
2658,21.82
2659,21.95
2660,19.94
2661,19.51
2662,17.77
2663,15.45
2664,14.22
2665,15.09
2666,15.83
2667,15.85
2668,14.1
2669,12.39
2670,11.97
2671,11.67
2672,11.55
2673,11.52
2674,11.95
2675,12.55
2676,12.69
2677,13.36
2678,14.34
2679,14.7
2680,14.39
2681,14.28
2682,14.28
2683,13.75
2684,12.49
2685,11.98
2686,11.75
2687,11.49
2688,11.05
2689,10.6
2690,10.41
2691,10.16
2692,9.82
2693,9.65
2694,9.66
2695,9.58
2696,11.19
2697,11.92
2698,12.43
2699,12.15
2700,12.18
2701,12.91
2702,13.46
2703,13.58
2704,13.66
2705,13.63
2706,13.31
2707,12.79
2708,11.99
2709,11.33
2710,10.81
2711,10.7
2712,10.58
2713,10.64
2714,10.47
2715,10.51
2716,10.55
2717,10.64
2718,10.76
2719,11.17
2720,13.61
2721,16.01
2722,17.08
2723,18.03
2724,18.61
2725,18.98
2726,18.97
2727,19.3
2728,19.0
2729,18.73
2730,18.8
2731,18.44
2732,18.23
2733,18.17
2734,17.61
2735,17.83
2736,17.69
2737,17.63
2738,18.18
2739,18.25
2740,18.42
2741,18.5
2742,18.7
2743,18.79
2744,19.66
2745,20.22
2746,20.47
2747,20.94
2748,20.97
2749,21.38
2750,21.38
2751,21.67
2752,21.7
2753,21.12
2754,20.61
2755,20.23
2756,19.89
2757,19.74
2758,19.64
2759,19.36
2760,19.04
2761,18.62
2762,18.55
2763,18.89
2764,19.21
2765,19.89
2766,20.33
2767,20.73
2768,21.23
2769,21.69
2770,22.23
2771,22.58
2772,22.68
2773,22.75
2774,22.85
2775,23.28
2776,22.93
2777,22.6
2778,22.06
2779,21.63
2780,21.68
2781,21.63
2782,21.52
2783,21.42
2784,21.22
2785,21.39
2786,21.36
2787,21.36
2788,21.26
2789,21.19
2790,20.9
2791,20.77
2792,21.4
2793,21.93
2794,21.74
2795,21.95
2796,22.06
2797,22.21
2798,22.14
2799,22.63
2800,22.67
2801,22.51
2802,22.8
2803,22.73
2804,22.05
2805,22.32
2806,20.16
2807,22.55
2808,22.41
2809,22.32
2810,22.32
2811,22.12
2812,22.02
2813,21.92
2814,21.72
2815,21.82
2816,22.48
2817,22.85
2818,22.77
2819,22.82
2820,23.16
2821,23.19
2822,23.49
2823,23.37
2824,23.28
2825,23.08
2826,22.77
2827,22.53
2828,22.93
2829,22.58
2830,22.15
2831,21.85
2832,21.53
2833,21.33
2834,21.1
2835,20.94
2836,20.71
2837,20.61
2838,20.48
2839,20.35
2840,21.42
2841,21.92
2842,21.91
2843,22.32
2844,22.58
2845,22.73
2846,23.01
2847,23.23
2848,23.27
2849,23.06
2850,21.99
2851,21.85
2852,20.48
2853,19.11
2854,19.24
2855,19.39
2856,18.92
2857,18.92
2858,19.22
2859,19.14
2860,19.17
2861,19.12
2862,19.66
2863,19.61
2864,18.69
2865,20.03
2866,21.23
2867,22.54
2868,22.81
2869,23.0
2870,22.87
2871,22.85
2872,22.72
2873,23.63
2874,22.82
2875,22.63
2876,20.68
2877,20.5
2878,19.99
2879,19.64
2880,19.26
2881,19.16
2882,18.28
2883,17.67
2884,17.67
2885,18.18
2886,18.48
2887,18.78
2888,19.99
2889,20.74
2890,21.19
2891,21.92
2892,22.42
2893,22.88
2894,23.25
2895,23.13
2896,23.23
2897,22.96
2898,22.25
2899,22.05
2900,21.29
2901,20.94
2902,20.87
2903,20.88
2904,20.61
2905,20.41
2906,20.51
2907,20.44
2908,20.16
2909,20.26
2910,20.66
2911,21.51
2912,21.99
2913,22.51
2914,21.95
2915,22.93
2916,22.56
2917,22.05
2918,23.05
2919,22.68
2920,22.66
2921,22.82
2922,22.58
2923,22.25
2924,23.41
2925,23.01
2926,21.82
2927,22.21
2928,23.34
2929,23.41
2930,23.21
2931,23.01
2932,22.88
2933,22.65
2934,22.58
2935,22.58
2936,22.81
2937,22.45
2938,21.89
2939,21.69
2940,22.15
2941,22.25
2942,21.72
2943,21.69
2944,21.86
2945,23.09
2946,23.11
2947,22.92
2948,21.98
2949,21.66
2950,21.72
2951,21.85
2952,22.05
2953,22.71
2954,22.51
2955,22.51
2956,22.51
2957,20.99
2958,20.36
2959,20.78
2960,21.41
2961,21.58
2962,21.69
2963,22.47
2964,21.86
2965,21.97
2966,22.19
2967,21.35
2968,21.31
2969,20.97
2970,20.94
2971,20.38
2972,21.45
2973,21.13
2974,20.97
2975,20.71
2976,20.68
2977,20.84
2978,20.78
2979,20.61
2980,20.41
2981,20.64
2982,21.21
2983,21.58
2984,22.05
2985,22.47
2986,22.77
2987,23.12
2988,23.39
2989,23.96
2990,23.64
2991,23.49
2992,23.33
2993,23.3
2994,22.87
2995,22.6
2996,23.11
2997,22.75
2998,23.21
2999,23.31
3000,23.11
3001,23.01
3002,22.81
3003,22.58
3004,22.48
3005,22.25
3006,22.25
3007,22.15
3008,20.96
3009,21.07
3010,21.32
3011,21.29
3012,21.99
3013,22.77
3014,21.82
3015,22.56
3016,22.58
3017,22.53
3018,21.96
3019,21.64
3020,22.61
3021,22.61
3022,22.38
3023,22.38
3024,22.14
3025,22.31
3026,22.38
3027,22.38
3028,22.51
3029,22.51
3030,22.38
3031,22.21
3032,23.24
3033,23.52
3034,23.87
3035,24.0
3036,24.2
3037,24.2
3038,24.2
3039,24.29
3040,23.82
3041,23.98
3042,24.1
3043,24.15
3044,23.95
3045,24.04
3046,24.24
3047,24.1
3048,24.14
3049,24.31
3050,24.11
3051,24.11
3052,24.14
3053,24.31
3054,24.17
3055,24.14
3056,24.37
3057,24.6
3058,24.5
3059,25.06
3060,25.27
3061,25.78
3062,25.91
3063,26.06
3064,25.85
3065,25.72
3066,25.25
3067,24.63
3068,23.85
3069,23.53
3070,23.57
3071,23.77
3072,23.97
3073,24.07
3074,24.04
3075,24.17
3076,24.21
3077,24.21
3078,24.21
3079,24.31
3080,24.99
3081,25.14
3082,25.36
3083,25.9
3084,26.13
3085,26.11
3086,26.25
3087,25.9
3088,25.88
3089,25.81
3090,25.27
3091,24.92
3092,24.53
3093,24.29
3094,24.31
3095,24.24
3096,24.27
3097,24.17
3098,24.37
3099,24.34
3100,24.44
3101,24.44
3102,24.64
3103,24.61
3104,25.29
3105,25.52
3106,25.69
3107,26.01
3108,26.05
3109,26.53
3110,26.01
3111,26.03
3112,26.4
3113,26.1
3114,25.73
3115,25.11
3116,25.02
3117,25.02
3118,24.93
3119,24.64
3120,24.54
3121,24.14
3122,22.94
3123,22.71
3124,22.58
3125,22.51
3126,21.85
3127,21.31
3128,21.66
3129,22.35
3130,22.82
3131,23.33
3132,23.34
3133,23.34
3134,23.78
3135,24.1
3136,24.13
3137,23.52
3138,22.73
3139,22.78
3140,20.9
3141,20.19
3142,19.78
3143,19.59
3144,19.27
3145,18.85
3146,18.24
3147,17.94
3148,17.81
3149,17.76
3150,17.79
3151,17.92
3152,18.95
3153,19.54
3154,19.87
3155,20.03
3156,20.01
3157,19.83
3158,20.04
3159,20.24
3160,20.39
3161,19.89
3162,19.5
3163,19.95
3164,20.26
3165,20.13
3166,20.09
3167,20.08
3168,19.95
3169,19.82
3170,20.12
3171,20.74
3172,20.73
3173,20.6
3174,21.03
3175,22.41
3176,20.6
3177,21.53
3178,22.18
3179,21.49
3180,21.89
3181,22.94
3182,23.63
3183,24.01
3184,24.04
3185,23.82
3186,23.58
3187,23.57
3188,23.6
3189,23.46
3190,23.41
3191,23.34
3192,23.31
3193,23.11
3194,22.77
3195,22.77
3196,22.57
3197,22.57
3198,22.77
3199,23.24
3200,24.51
3201,25.01
3202,25.31
3203,24.89
3204,22.11
3205,23.5
3206,24.77
3207,25.25
3208,24.8
3209,25.18
3210,24.49
3211,23.44
3212,21.89
3213,21.51
3214,21.37
3215,20.97
3216,20.89
3217,20.69
3218,20.39
3219,19.48
3220,19.28
3221,18.88
3222,18.78
3223,18.88
3224,19.76
3225,21.38
3226,22.68
3227,22.82
3228,22.3
3229,22.15
3230,21.27
3231,21.09
3232,21.44
3233,20.91
3234,20.92
3235,21.85
3236,21.03
3237,19.81
3238,19.0
3239,18.93
3240,19.18
3241,18.94
3242,18.62
3243,18.03
3244,17.53
3245,17.75
3246,17.14
3247,17.65
3248,19.82
3249,21.64
3250,22.11
3251,22.33
3252,22.68
3253,23.23
3254,23.93
3255,24.2
3256,24.09
3257,22.72
3258,22.58
3259,22.84
3260,21.78
3261,21.56
3262,21.36
3263,21.27
3264,21.26
3265,21.07
3266,20.87
3267,20.84
3268,20.48
3269,20.32
3270,20.44
3271,20.97
3272,22.18
3273,23.0
3274,22.85
3275,22.8
3276,23.91
3277,24.91
3278,24.97
3279,24.77
3280,24.1
3281,23.24
3282,22.17
3283,22.31
3284,22.61
3285,19.63
3286,19.04
3287,18.4
3288,17.83
3289,17.44
3290,17.24
3291,17.3
3292,16.9
3293,16.7
3294,16.52
3295,16.72
3296,19.63
3297,19.96
3298,20.55
3299,21.87
3300,22.67
3301,22.77
3302,22.63
3303,22.49
3304,22.34
3305,22.77
3306,22.95
3307,22.6
3308,21.88
3309,21.71
3310,20.49
3311,20.99
3312,21.67
3313,21.57
3314,19.99
3315,19.68
3316,20.49
3317,20.56
3318,20.97
3319,20.89
3320,21.69
3321,22.17
3322,22.9
3323,23.62
3324,24.1
3325,24.69
3326,24.6
3327,24.77
3328,24.47
3329,24.22
3330,24.13
3331,24.97
3332,24.33
3333,23.91
3334,23.64
3335,23.54
3336,23.51
3337,22.71
3338,21.84
3339,21.64
3340,21.17
3341,20.69
3342,20.79
3343,20.99
3344,23.4
3345,23.77
3346,24.67
3347,25.0
3348,25.16
3349,24.83
3350,24.44
3351,24.2
3352,23.84
3353,23.65
3354,23.26
3355,23.21
3356,22.39
3357,22.29
3358,22.37
3359,22.18
3360,21.92
3361,21.5
3362,20.97
3363,21.1
3364,20.93
3365,20.68
3366,20.61
3367,21.24
3368,23.51
3369,23.99
3370,24.25
3371,24.29
3372,24.44
3373,24.34
3374,24.28
3375,24.91
3376,24.51
3377,24.42
3378,24.22
3379,24.15
3380,24.4
3381,24.1
3382,24.17
3383,24.41
3384,24.66
3385,24.53
3386,24.6
3387,24.63
3388,24.37
3389,24.27
3390,24.37
3391,24.6
3392,25.37
3393,25.6
3394,25.87
3395,26.03
3396,26.27
3397,26.27
3398,26.59
3399,26.34
3400,26.37
3401,26.12
3402,25.71
3403,25.49
3404,25.68
3405,25.63
3406,25.57
3407,25.59
3408,25.59
3409,25.33
3410,25.07
3411,24.73
3412,24.7
3413,24.53
3414,24.6
3415,24.63
3416,25.57
3417,25.69
3418,25.98
3419,26.22
3420,26.53
3421,26.07
3422,26.16
3423,26.16
3424,26.27
3425,25.97
3426,25.67
3427,25.4
3428,24.85
3429,24.74
3430,24.78
3431,24.82
3432,24.89
3433,24.89
3434,24.66
3435,24.7
3436,24.44
3437,24.47
3438,24.6
3439,24.76
3440,24.91
3441,25.31
3442,25.76
3443,25.91
3444,25.74
3445,25.9
3446,26.12
3447,26.16
3448,26.18
3449,25.72
3450,25.33
3451,24.97
3452,25.21
3453,24.99
3454,25.09
3455,24.7
3456,24.6
3457,24.44
3458,24.57
3459,24.51
3460,24.37
3461,24.24
3462,24.14
3463,24.44
3464,25.1
3465,25.55
3466,25.9
3467,26.25
3468,26.29
3469,26.3
3470,26.69
3471,26.59
3472,26.06
3473,25.85
3474,25.74
3475,25.59
3476,25.74
3477,25.58
3478,25.59
3479,25.47
3480,25.11
3481,25.31
3482,25.01
3483,25.01
3484,24.91
3485,24.91
3486,25.07
3487,25.13
3488,25.58
3489,25.98
3490,26.18
3491,26.84
3492,27.13
3493,27.26
3494,27.03
3495,27.02
3496,26.65
3497,26.34
3498,26.31
3499,25.76
3500,25.4
3501,25.24
3502,25.31
3503,25.25
3504,25.19
3505,25.27
3506,25.13
3507,25.02
3508,25.17
3509,25.23
3510,24.99
3511,25.05
3512,25.25
3513,25.45
3514,25.9
3515,26.37
3516,26.47
3517,26.59
3518,26.87
3519,26.78
3520,26.6
3521,26.42
3522,26.27
3523,26.03
3524,25.82
3525,25.45
3526,25.3
3527,25.66
3528,25.87
3529,25.84
3530,25.58
3531,24.91
3532,24.91
3533,24.81
3534,24.71
3535,24.71
3536,26.26
3537,26.47
3538,26.77
3539,27.06
3540,27.3
3541,27.21
3542,27.41
3543,27.31
3544,27.48
3545,28.12
3546,28.06
3547,27.91
3548,27.83
3549,27.38
3550,26.98
3551,26.62
3552,26.36
3553,26.44
3554,25.92
3555,25.61
3556,25.41
3557,25.11
3558,25.58
3559,25.64
3560,26.54
3561,26.7
3562,26.81
3563,26.97
3564,26.83
3565,26.06
3566,23.13
3567,21.79
3568,22.54
3569,23.35
3570,23.7
3571,23.71
3572,21.27
3573,20.9
3574,20.79
3575,21.0
3576,21.5
3577,21.33
3578,21.46
3579,21.33
3580,21.36
3581,20.97
3582,20.84
3583,21.27
3584,22.08
3585,21.89
3586,21.13
3587,22.14
3588,23.82
3589,24.82
3590,25.32
3591,25.0
3592,24.71
3593,23.87
3594,23.27
3595,23.15
3596,22.24
3597,21.79
3598,21.72
3599,22.22
3600,22.91
3601,23.04
3602,22.77
3603,22.37
3604,22.57
3605,22.67
3606,22.77
3607,23.04
3608,24.42
3609,25.16
3610,25.19
3611,25.19
3612,25.17
3613,25.32
3614,25.03
3615,25.37
3616,23.23
3617,22.05
3618,22.28
3619,23.17
3620,22.67
3621,22.45
3622,22.75
3623,22.51
3624,22.75
3625,23.24
3626,22.88
3627,22.68
3628,23.18
3629,23.61
3630,24.36
3631,24.5
3632,21.44
3633,20.54
3634,20.74
3635,21.59
3636,22.33
3637,22.18
3638,22.67
3639,23.12
3640,23.74
3641,24.23
3642,24.32
3643,24.36
3644,23.39
3645,22.85
3646,22.55
3647,21.99
3648,21.81
3649,21.92
3650,22.12
3651,22.02
3652,21.98
3653,22.01
3654,22.11
3655,22.88
3656,22.25
3657,21.23
3658,21.43
3659,23.43
3660,25.1
3661,25.8
3662,25.53
3663,25.8
3664,25.97
3665,24.39
3666,24.3
3667,23.04
3668,23.3
3669,23.34
3670,23.21
3671,23.28
3672,23.21
3673,23.31
3674,23.51
3675,23.67
3676,24.14
3677,24.51
3678,23.87
3679,24.58
3680,23.37
3681,22.74
3682,22.96
3683,23.5
3684,23.75
3685,24.62
3686,25.69
3687,26.25
3688,25.95
3689,25.62
3690,25.5
3691,25.45
3692,25.59
3693,25.2
3694,25.19
3695,25.07
3696,25.09
3697,25.19
3698,25.29
3699,25.37
3700,25.31
3701,25.31
3702,25.41
3703,25.57
3704,25.02
3705,25.53
3706,25.9
3707,25.78
3708,26.31
3709,26.65
3710,26.41
3711,26.25
3712,25.88
3713,25.27
3714,25.19
3715,25.4
3716,25.45
3717,25.43
3718,25.47
3719,25.31
3720,25.57
3721,23.69
3722,22.74
3723,22.74
3724,22.35
3725,22.51
3726,23.31
3727,24.6
3728,24.58
3729,24.99
3730,25.98
3731,27.48
3732,26.03
3733,27.13
3734,26.8
3735,26.99
3736,26.97
3737,26.95
3738,26.69
3739,26.48
3740,26.41
3741,26.3
3742,25.92
3743,26.0
3744,26.18
3745,26.22
3746,26.22
3747,26.08
3748,25.94
3749,25.89
3750,25.99
3751,25.83
3752,26.36
3753,23.31
3754,21.1
3755,21.46
3756,22.9
3757,23.85
3758,24.92
3759,26.12
3760,26.9
3761,26.84
3762,26.41
3763,26.43
3764,24.29
3765,23.53
3766,23.42
3767,23.25
3768,23.01
3769,22.86
3770,22.6
3771,22.32
3772,22.05
3773,21.88
3774,21.81
3775,22.15
3776,23.44
3777,24.34
3778,24.71
3779,24.66
3780,24.76
3781,24.97
3782,25.34
3783,25.79
3784,25.63
3785,25.44
3786,25.34
3787,23.88
3788,22.85
3789,22.82
3790,22.25
3791,22.11
3792,22.43
3793,22.59
3794,22.53
3795,22.44
3796,21.89
3797,21.51
3798,21.41
3799,21.99
3800,23.25
3801,24.97
3802,25.13
3803,25.35
3804,25.68
3805,26.05
3806,26.07
3807,26.07
3808,25.98
3809,25.63
3810,25.63
3811,25.65
3812,25.91
3813,24.96
3814,24.01
3815,23.63
3816,23.65
3817,23.52
3818,23.57
3819,23.37
3820,22.64
3821,22.54
3822,23.11
3823,23.41
3824,24.62
3825,25.45
3826,26.02
3827,26.06
3828,26.11
3829,26.14
3830,26.24
3831,26.15
3832,25.8
3833,25.52
3834,25.3
3835,25.03
3836,24.72
3837,24.49
3838,24.43
3839,24.31
3840,24.36
3841,24.24
3842,24.17
3843,24.17
3844,23.97
3845,23.71
3846,23.14
3847,23.61
3848,24.88
3849,25.16
3850,25.25
3851,24.91
3852,25.91
3853,25.88
3854,26.09
3855,26.18
3856,25.92
3857,25.39
3858,25.49
3859,25.16
3860,24.68
3861,24.82
3862,24.67
3863,24.74
3864,24.52
3865,24.7
3866,24.71
3867,24.51
3868,24.17
3869,24.07
3870,23.87
3871,24.41
3872,22.68
3873,23.36
3874,23.96
3875,24.59
3876,25.25
3877,25.84
3878,25.9
3879,26.03
3880,26.13
3881,25.79
3882,25.05
3883,25.03
3884,24.33
3885,24.64
3886,23.69
3887,23.3
3888,23.19
3889,23.3
3890,23.34
3891,23.28
3892,23.21
3893,23.31
3894,23.11
3895,23.47
3896,24.46
3897,25.1
3898,25.45
3899,25.87
3900,26.09
3901,26.18
3902,25.94
3903,26.05
3904,24.62
3905,25.28
3906,25.56
3907,24.7
3908,23.56
3909,23.46
3910,23.61
3911,23.61
3912,24.01
3913,24.14
3914,23.94
3915,23.54
3916,23.27
3917,23.24
3918,23.24
3919,23.57
3920,22.51
3921,23.29
3922,23.87
3923,24.42
3924,25.13
3925,25.65
3926,25.79
3927,25.83
3928,25.85
3929,25.76
3930,25.26
3931,24.66
3932,24.58
3933,23.89
3934,24.17
3935,24.24
3936,24.14
3937,24.11
3938,24.27
3939,24.11
3940,23.81
3941,23.4
3942,23.81
3943,24.17
3944,22.93
3945,23.33
3946,24.38
3947,25.0
3948,25.47
3949,26.14
3950,26.45
3951,26.57
3952,26.48
3953,26.13
3954,25.35
3955,25.16
3956,24.92
3957,24.68
3958,24.8
3959,24.93
3960,24.53
3961,24.82
3962,24.7
3963,24.34
3964,23.67
3965,23.4
3966,23.1
3967,23.64
3968,24.89
3969,25.45
3970,25.38
3971,25.03
3972,24.74
3973,24.63
3974,24.49
3975,24.56
3976,24.61
3977,24.49
3978,24.33
3979,25.24
3980,25.38
3981,24.8
3982,24.09
3983,23.58
3984,23.48
3985,23.23
3986,23.09
3987,22.94
3988,22.74
3989,22.77
3990,22.38
3991,22.81
3992,24.24
3993,24.74
3994,24.78
3995,24.76
3996,25.05
3997,25.09
3998,25.1
3999,25.0
4000,24.56
4001,24.48
4002,24.65
4003,24.67
4004,24.94
4005,24.48
4006,24.3
4007,24.22
4008,24.31
4009,24.15
4010,23.93
4011,23.44
4012,23.2
4013,23.08
4014,23.11
4015,23.69
4016,24.77
4017,25.18
4018,24.9
4019,24.98
4020,25.19
4021,25.08
4022,24.89
4023,25.17
4024,25.18
4025,25.43
4026,25.32
4027,25.33
4028,25.22
4029,25.04
4030,25.11
4031,25.06
4032,24.54
4033,24.25
4034,23.72
4035,23.71
4036,23.58
4037,23.95
4038,23.48
4039,23.19
4040,24.87
4041,24.91
4042,25.17
4043,24.94
4044,24.79
4045,24.18
4046,24.67
4047,25.19
4048,25.42
4049,24.81
4050,24.63
4051,23.96
4052,23.56
4053,22.85
4054,23.2
4055,23.58
4056,23.49
4057,23.09
4058,23.72
4059,23.58
4060,23.39
4061,23.52
4062,23.76
4063,23.79
4064,24.26
4065,25.16
4066,25.53
4067,25.35
4068,25.49
4069,24.63
4070,25.03
4071,25.23
4072,24.8
4073,24.51
4074,23.74
4075,24.09
4076,23.72
4077,23.81
4078,23.6
4079,23.54
4080,23.38
4081,22.99
4082,22.74
4083,22.71
4084,22.58
4085,22.35
4086,22.15
4087,22.25
4088,23.08
4089,23.21
4090,23.51
4091,24.36
4092,24.35
4093,25.36
4094,26.1
4095,25.56
4096,25.48
4097,25.57
4098,25.3
4099,24.29
4100,24.56
4101,24.31
4102,24.21
4103,23.62
4104,23.38
4105,23.42
4106,23.56
4107,23.52
4108,23.46
4109,23.52
4110,23.38
4111,23.38
4112,24.19
4113,24.62
4114,24.92
4115,25.76
4116,25.53
4117,25.29
4118,25.94
4119,26.09
4120,26.32
4121,25.68
4122,25.01
4123,24.91
4124,24.57
4125,23.89
4126,23.89
4127,24.32
4128,24.36
4129,24.2
4130,24.06
4131,23.63
4132,23.61
4133,23.67
4134,23.61
4135,23.44
4136,24.72
4137,24.77
4138,25.19
4139,25.74
4140,24.97
4141,25.93
4142,25.85
4143,25.62
4144,25.49
4145,25.42
4146,25.22
4147,25.0
4148,25.04
4149,24.73
4150,24.52
4151,24.42
4152,24.3
4153,24.24
4154,24.27
4155,24.17
4156,23.97
4157,23.91
4158,23.61
4159,23.87
4160,24.26
4161,25.1
4162,25.59
4163,25.22
4164,24.65
4165,25.1
4166,25.27
4167,25.18
4168,25.01
4169,24.55
4170,24.41
4171,24.32
4172,24.5
4173,24.06
4174,23.96
4175,24.03
4176,23.99
4177,23.84
4178,23.37
4179,23.67
4180,23.14
4181,23.14
4182,23.27
4183,23.51
4184,24.72
4185,25.16
4186,25.42
4187,25.75
4188,25.88
4189,26.01
4190,26.21
4191,26.55
4192,25.88
4193,26.14
4194,26.05
4195,25.88
4196,25.46
4197,24.92
4198,25.06
4199,25.38
4200,25.45
4201,25.47
4202,25.31
4203,25.04
4204,24.78
4205,24.91
4206,24.81
4207,25.18
4208,25.86
4209,26.17
4210,26.47
4211,26.9
4212,26.99
4213,26.82
4214,26.77
4215,26.87
4216,26.51
4217,26.23
4218,26.11
4219,25.93
4220,25.95
4221,25.6
4222,25.35
4223,25.33
4224,25.17
4225,25.02
4226,24.96
4227,24.97
4228,24.91
4229,24.64
4230,24.54
4231,24.97
4232,25.73
4233,25.55
4234,26.2
4235,26.47
4236,26.53
4237,26.77
4238,27.22
4239,27.14
4240,26.18
4241,26.55
4242,26.21
4243,26.05
4244,25.75
4245,25.63
4246,25.5
4247,25.45
4248,25.38
4249,25.31
4250,25.25
4251,25.09
4252,24.97
4253,25.01
4254,25.04
4255,25.13
4256,25.03
4257,25.64
4258,26.2
4259,26.41
4260,26.62
4261,26.76
4262,26.33
4263,26.07
4264,26.34
4265,26.32
4266,26.51
4267,26.32
4268,25.4
4269,25.64
4270,25.78
4271,25.62
4272,25.61
4273,25.45
4274,25.35
4275,25.09
4276,24.89
4277,24.7
4278,24.73
4279,24.89
4280,25.69
4281,26.02
4282,26.12
4283,26.23
4284,26.23
4285,26.43
4286,26.51
4287,26.38
4288,26.34
4289,26.13
4290,25.9
4291,26.22
4292,25.98
4293,26.27
4294,26.14
4295,26.08
4296,25.94
4297,26.04
4298,25.65
4299,25.59
4300,25.57
4301,25.57
4302,25.41
4303,25.37
4304,25.52
4305,25.94
4306,26.43
4307,26.81
4308,27.3
4309,27.2
4310,26.95
4311,26.21
4312,27.21
4313,26.45
4314,26.97
4315,26.27
4316,26.16
4317,26.25
4318,26.18
4319,26.08
4320,26.07
4321,25.87
4322,25.92
4323,25.96
4324,25.86
4325,25.86
4326,25.59
4327,25.65
4328,26.03
4329,25.79
4330,26.07
4331,27.16
4332,27.24
4333,27.49
4334,27.41
4335,27.4
4336,26.25
4337,26.52
4338,27.09
4339,27.06
4340,26.31
4341,26.02
4342,25.94
4343,25.93
4344,25.93
4345,25.78
4346,25.73
4347,25.71
4348,25.53
4349,25.37
4350,25.31
4351,25.77
4352,26.32
4353,26.5
4354,26.59
4355,26.38
4356,26.34
4357,26.6
4358,26.95
4359,27.12
4360,26.94
4361,26.68
4362,26.69
4363,26.22
4364,26.71
4365,26.25
4366,26.2
4367,26.27
4368,26.23
4369,26.21
4370,26.18
4371,26.0
4372,25.74
4373,25.68
4374,25.28
4375,25.41
4376,25.97
4377,26.1
4378,25.74
4379,25.54
4380,25.48
4381,25.57
4382,25.58
4383,25.79
4384,25.61
4385,25.14
4386,25.16
4387,25.08
4388,25.76
4389,25.64
4390,25.59
4391,25.69
4392,25.89
4393,25.69
4394,25.26
4395,24.58
4396,24.2
4397,23.63
4398,23.01
4399,23.15
4400,24.14
4401,24.66
4402,25.21
4403,25.09
4404,25.31
4405,25.97
4406,26.2
4407,26.33
4408,26.57
4409,26.6
4410,26.38
4411,25.62
4412,26.31
4413,25.72
4414,25.35
4415,24.91
4416,24.72
4417,25.06
4418,25.0
4419,25.03
4420,25.05
4421,25.23
4422,25.07
4423,25.19
4424,26.22
4425,26.6
4426,26.67
4427,26.34
4428,26.25
4429,26.14
4430,26.21
4431,26.34
4432,26.55
4433,26.34
4434,25.58
4435,25.18
4436,25.34
4437,25.15
4438,25.0
4439,25.25
4440,25.21
4441,25.21
4442,25.16
4443,25.21
4444,25.15
4445,25.06
4446,24.96
4447,25.06
4448,25.83
4449,26.22
4450,26.23
4451,26.41
4452,26.52
4453,26.39
4454,26.53
4455,26.48
4456,26.62
4457,26.42
4458,26.03
4459,25.88
4460,25.92
4461,25.49
4462,25.44
4463,25.4
4464,25.45
4465,25.45
4466,25.4
4467,25.2
4468,24.99
4469,24.88
4470,24.72
4471,24.68
4472,25.26
4473,25.46
4474,25.42
4475,25.34
4476,25.36
4477,25.5
4478,25.32
4479,25.21
4480,25.08
4481,24.81
4482,24.73
4483,25.5
4484,25.54
4485,25.79
4486,25.58
4487,24.66
4488,24.63
4489,24.37
4490,25.01
4491,24.86
4492,24.29
4493,24.05
4494,23.9
4495,24.06
4496,24.44
4497,25.31
4498,26.0
4499,26.32
4500,26.21
4501,26.39
4502,26.05
4503,26.71
4504,25.64
4505,25.5
4506,25.74
4507,25.69
4508,25.72
4509,25.94
4510,25.97
4511,26.04
4512,25.94
4513,25.74
4514,25.64
4515,25.84
4516,25.87
4517,25.69
4518,25.41
4519,25.31
4520,25.69
4521,25.66
4522,26.37
4523,27.15
4524,26.03
4525,26.77
4526,25.74
4527,24.97
4528,24.56
4529,24.96
4530,25.11
4531,24.72
4532,25.23
4533,24.99
4534,24.4
4535,23.61
4536,23.8
4537,24.04
4538,24.4
4539,24.26
4540,23.83
4541,23.13
4542,23.77
4543,24.03
4544,24.19
4545,22.67
4546,22.22
4547,22.65
4548,23.09
4549,23.15
4550,23.36
4551,24.24
4552,23.8
4553,23.94
4554,23.92
4555,23.89
4556,24.14
4557,23.48
4558,23.15
4559,22.8
4560,22.08
4561,21.4
4562,21.43
4563,21.72
4564,21.64
4565,21.29
4566,20.97
4567,21.23
4568,22.58
4569,23.52
4570,24.86
4571,25.69
4572,26.58
4573,26.38
4574,26.58
4575,26.38
4576,25.63
4577,25.27
4578,25.27
4579,25.01
4580,25.81
4581,25.16
4582,25.13
4583,24.89
4584,24.6
4585,24.34
4586,24.17
4587,24.01
4588,24.04
4589,23.64
4590,23.67
4591,23.77
4592,24.21
4593,25.3
4594,26.17
4595,26.52
4596,26.43
4597,25.43
4598,24.45
4599,24.27
4600,24.21
4601,24.73
4602,25.16
4603,25.35
4604,25.79
4605,25.06
4606,24.32
4607,23.82
4608,23.63
4609,23.37
4610,23.24
4611,23.21
4612,23.01
4613,22.91
4614,22.71
4615,23.18
4616,24.86
4617,25.54
4618,25.49
4619,25.95
4620,26.31
4621,26.06
4622,24.34
4623,24.05
4624,24.26
4625,25.03
4626,25.63
4627,25.73
4628,25.07
4629,25.03
4630,24.91
4631,24.81
4632,24.74
4633,24.77
4634,24.71
4635,24.64
4636,24.61
4637,24.68
4638,24.0
4639,23.3
4640,23.63
4641,23.79
4642,24.57
4643,24.87
4644,25.53
4645,26.03
4646,26.16
4647,25.87
4648,24.92
4649,24.83
4650,25.06
4651,24.97
4652,24.67
4653,24.48
4654,24.13
4655,24.0
4656,23.61
4657,23.44
4658,23.56
4659,23.5
4660,23.37
4661,23.41
4662,23.71
4663,23.74
4664,23.14
4665,23.41
4666,24.09
4667,25.64
4668,26.17
4669,26.45
4670,23.93
4671,24.08
4672,25.59
4673,25.87
4674,25.52
4675,25.36
4676,24.6
4677,24.7
4678,24.63
4679,24.61
4680,24.61
4681,24.27
4682,24.17
4683,24.07
4684,23.61
4685,23.54
4686,23.41
4687,23.64
4688,22.98
4689,23.34
4690,24.54
4691,25.3
4692,26.08
4693,26.61
4694,26.79
4695,25.45
4696,25.01
4697,25.21
4698,25.45
4699,25.16
4700,24.08
4701,24.2
4702,24.41
4703,24.37
4704,24.14
4705,24.2
4706,24.2
4707,24.16
4708,23.97
4709,23.74
4710,23.74
4711,24.2
4712,25.15
4713,26.02
4714,26.36
4715,26.03
4716,25.81
4717,25.86
4718,26.05
4719,25.89
4720,25.81
4721,25.36
4722,25.56
4723,25.72
4724,25.87
4725,25.16
4726,24.99
4727,24.99
4728,24.73
4729,24.53
4730,24.24
4731,23.8
4732,23.47
4733,23.31
4734,22.98
4735,23.14
4736,24.21
4737,25.5
4738,26.36
4739,26.38
4740,26.25
4741,26.21
4742,26.24
4743,26.05
4744,25.18
4745,25.54
4746,25.64
4747,25.98
4748,26.18
4749,25.64
4750,25.31
4751,25.1
4752,24.88
4753,24.82
4754,24.6
4755,24.47
4756,24.47
4757,24.11
4758,24.11
4759,24.41
4760,23.13
4761,23.67
4762,24.49
4763,25.48
4764,26.03
4765,26.25
4766,26.31
4767,26.15
4768,26.34
4769,26.44
4770,26.4
4771,26.33
4772,26.2
4773,25.89
4774,25.59
4775,25.0
4776,24.8
4777,24.68
4778,24.7
4779,24.53
4780,24.51
4781,24.57
4782,24.53
4783,24.6
4784,23.34
4785,22.35
4786,22.58
4787,23.08
4788,24.54
4789,25.74
4790,25.72
4791,26.06
4792,26.19
4793,25.88
4794,25.25
4795,25.59
4796,24.1
4797,24.61
4798,24.4
4799,24.13
4800,24.15
4801,23.84
4802,23.77
4803,23.83
4804,22.01
4805,21.89
4806,22.28
4807,22.45
4808,23.17
4809,22.84
4810,23.89
4811,24.3
4812,25.49
4813,25.72
4814,25.88
4815,26.05
4816,26.05
4817,26.0
4818,25.74
4819,25.61
4820,24.71
4821,24.96
4822,25.01
4823,24.81
4824,24.74
4825,24.37
4826,24.14
4827,23.84
4828,23.64
4829,23.28
4830,23.44
4831,23.04
4832,23.83
4833,24.4
4834,24.82
4835,25.23
4836,25.34
4837,25.44
4838,25.68
4839,25.93
4840,26.06
4841,24.97
4842,24.82
4843,24.39
4844,24.47
4845,24.56
4846,24.26
4847,24.5
4848,24.21
4849,23.91
4850,23.81
4851,23.64
4852,23.24
4853,23.44
4854,22.8
4855,23.2
4856,23.83
4857,24.32
4858,25.26
4859,26.02
4860,26.0
4861,26.15
4862,24.34
4863,24.32
4864,25.52
4865,25.44
4866,25.44
4867,25.13
4868,25.3
4869,25.15
4870,25.01
4871,24.71
4872,24.58
4873,24.21
4874,24.01
4875,23.5
4876,23.5
4877,23.4
4878,23.3
4879,23.4
4880,22.61
4881,22.74
4882,24.13
4883,25.11
4884,25.2
4885,26.12
4886,25.66
4887,24.01
4888,25.06
4889,25.76
4890,25.22
4891,25.14
4892,24.68
4893,24.63
4894,24.47
4895,24.44
4896,24.37
4897,24.31
4898,24.31
4899,24.07
4900,23.94
4901,23.64
4902,23.71
4903,23.24
4904,23.57
4905,22.98
4906,22.83
4907,24.25
4908,25.45
4909,25.25
4910,24.43
4911,25.54
4912,24.78
4913,24.39
4914,24.78
4915,24.3
4916,23.87
4917,23.61
4918,23.37
4919,23.37
4920,23.28
4921,23.24
4922,23.01
4923,22.78
4924,22.71
4925,22.71
4926,22.71
4927,22.61
4928,23.37
4929,23.2
4930,23.95
4931,24.61
4932,24.96
4933,25.37
4934,25.25
4935,25.06
4936,25.44
4937,24.39
4938,24.47
4939,24.71
4940,24.72
4941,24.51
4942,24.14
4943,23.97
4944,23.91
4945,24.11
4946,23.6
4947,23.01
4948,23.31
4949,23.24
4950,22.94
4951,22.61
4952,22.84
4953,22.38
4954,22.41
4955,22.65
4956,23.1
4957,23.69
4958,23.63
4959,23.79
4960,24.34
4961,24.39
4962,23.77
4963,23.81
4964,23.34
4965,23.08
4966,22.38
4967,22.27
4968,22.21
4969,22.51
4970,22.38
4971,22.18
4972,21.94
4973,21.87
4974,21.97
4975,21.94
4976,23.11
4977,23.14
4978,23.11
4979,23.41
4980,23.44
4981,23.69
4982,23.62
4983,23.95
4984,24.19
4985,24.19
4986,24.32
4987,24.4
4988,23.79
4989,23.74
4990,23.64
4991,23.64
4992,23.41
4993,23.31
4994,23.11
4995,23.41
4996,23.41
4997,23.54
4998,23.44
4999,23.27
5000,22.25
5001,21.99
5002,22.51
5003,22.38
5004,22.65
5005,22.91
5006,23.2
5007,23.31
5008,23.77
5009,23.92
5010,24.05
5011,24.06
5012,23.95
5013,23.9
5014,23.74
5015,23.64
5016,23.71
5017,23.34
5018,22.78
5019,22.61
5020,22.78
5021,22.91
5022,22.81
5023,23.07
5024,23.34
5025,23.24
5026,23.64
5027,24.16
5028,24.89
5029,26.45
5030,26.23
5031,26.34
5032,26.18
5033,26.27
5034,26.31
5035,26.45
5036,24.58
5037,24.62
5038,24.6
5039,24.61
5040,24.61
5041,24.91
5042,25.21
5043,25.5
5044,25.47
5045,25.33
5046,25.17
5047,24.87
5048,26.08
5049,26.56
5050,26.39
5051,26.25
5052,26.18
5053,26.45
5054,26.62
5055,26.67
5056,26.71
5057,26.6
5058,26.46
5059,26.31
5060,26.21
5061,25.93
5062,25.92
5063,25.75
5064,25.59
5065,25.29
5066,25.03
5067,24.83
5068,24.73
5069,24.83
5070,24.83
5071,24.93
5072,25.8
5073,26.37
5074,26.37
5075,26.53
5076,26.6
5077,26.56
5078,26.76
5079,26.69
5080,26.59
5081,26.59
5082,26.29
5083,26.25
5084,26.1
5085,25.69
5086,25.73
5087,25.8
5088,25.59
5089,25.73
5090,25.73
5091,25.57
5092,25.27
5093,25.11
5094,25.01
5095,25.04
5096,26.18
5097,26.81
5098,26.88
5099,26.84
5100,26.71
5101,26.85
5102,26.87
5103,27.05
5104,26.87
5105,26.86
5106,26.6
5107,26.59
5108,26.45
5109,26.23
5110,26.06
5111,26.16
5112,26.0
5113,25.84
5114,25.38
5115,24.91
5116,23.91
5117,23.81
5118,23.3
5119,24.11
5120,25.51
5121,26.18
5122,26.52
5123,26.67
5124,26.78
5125,26.62
5126,26.76
5127,26.76
5128,27.09
5129,27.22
5130,27.38
5131,26.91
5132,26.77
5133,26.47
5134,26.03
5135,25.78
5136,25.65
5137,25.43
5138,25.17
5139,24.91
5140,24.74
5141,24.27
5142,24.11
5143,24.01
5144,25.73
5145,26.46
5146,26.95
5147,26.78
5148,26.83
5149,26.74
5150,26.87
5151,26.96
5152,26.78
5153,26.69
5154,26.7
5155,26.82
5156,26.18
5157,25.78
5158,25.02
5159,24.82
5160,24.89
5161,25.05
5162,25.23
5163,25.27
5164,25.31
5165,25.34
5166,25.24
5167,25.28
5168,26.32
5169,27.0
5170,27.18
5171,27.03
5172,26.99
5173,26.95
5174,26.78
5175,26.69
5176,26.87
5177,26.87
5178,26.51
5179,26.25
5180,24.29
5181,24.48
5182,24.43
5183,24.46
5184,24.7
5185,24.42
5186,24.36
5187,24.4
5188,24.37
5189,24.17
5190,24.17
5191,24.27
5192,22.91
5193,23.4
5194,24.68
5195,26.1
5196,26.53
5197,26.47
5198,26.33
5199,25.98
5200,25.68
5201,25.5
5202,25.32
5203,25.96
5204,25.91
5205,25.34
5206,25.02
5207,25.1
5208,25.33
5209,24.99
5210,24.82
5211,24.72
5212,24.44
5213,24.14
5214,23.94
5215,24.01
5216,24.33
5217,24.91
5218,24.97
5219,25.34
5220,25.27
5221,25.27
5222,24.89
5223,24.7
5224,24.66
5225,24.47
5226,24.3
5227,25.27
5228,24.97
5229,24.57
5230,24.63
5231,24.39
5232,24.28
5233,23.93
5234,23.6
5235,23.54
5236,23.42
5237,23.44
5238,23.37
5239,23.17
5240,24.04
5241,24.92
5242,25.6
5243,25.59
5244,25.63
5245,25.44
5246,25.44
5247,25.42
5248,25.5
5249,25.24
5250,25.06
5251,25.18
5252,25.28
5253,24.82
5254,24.66
5255,24.37
5256,24.3
5257,24.53
5258,24.57
5259,24.66
5260,24.4
5261,24.19
5262,24.2
5263,24.14
5264,24.77
5265,25.35
5266,26.22
5267,26.44
5268,25.98
5269,25.7
5270,25.76
5271,25.93
5272,25.91
5273,25.6
5274,25.54
5275,26.06
5276,26.4
5277,25.76
5278,24.26
5279,24.56
5280,25.26
5281,25.54
5282,25.33
5283,25.11
5284,24.99
5285,24.83
5286,24.53
5287,24.24
5288,25.41
5289,26.27
5290,26.73
5291,26.67
5292,26.5
5293,26.15
5294,26.22
5295,26.19
5296,26.17
5297,26.05
5298,25.8
5299,26.1
5300,26.8
5301,25.78
5302,25.59
5303,25.33
5304,25.01
5305,24.68
5306,24.49
5307,24.34
5308,24.33
5309,24.32
5310,24.4
5311,24.29
5312,25.01
5313,25.4
5314,25.97
5315,26.58
5316,27.09
5317,27.19
5318,27.03
5319,27.14
5320,27.03
5321,26.57
5322,25.68
5323,25.71
5324,25.02
5325,24.6
5326,24.82
5327,25.05
5328,24.99
5329,24.96
5330,24.89
5331,25.03
5332,25.17
5333,24.91
5334,24.77
5335,24.6
5336,24.63
5337,24.35
5338,24.94
5339,25.15
5340,25.45
5341,25.63
5342,25.61
5343,25.48
5344,25.32
5345,24.91
5346,24.91
5347,25.61
5348,23.16
5349,22.68
5350,22.67
5351,22.36
5352,22.0
5353,21.75
5354,22.21
5355,22.39
5356,22.47
5357,21.96
5358,21.95
5359,22.08
5360,22.96
5361,23.73
5362,24.78
5363,25.74
5364,26.06
5365,26.25
5366,26.06
5367,25.95
5368,25.79
5369,25.8
5370,26.14
5371,25.72
5372,25.62
5373,25.22
5374,25.0
5375,24.68
5376,24.57
5377,24.31
5378,24.32
5379,24.38
5380,24.22
5381,24.26
5382,24.0
5383,24.04
5384,25.09
5385,26.02
5386,26.53
5387,26.74
5388,26.78
5389,26.91
5390,27.2
5391,27.38
5392,27.67
5393,26.55
5394,26.22
5395,26.56
5396,26.11
5397,26.24
5398,26.22
5399,25.99
5400,25.83
5401,25.6
5402,25.44
5403,25.14
5404,25.24
5405,25.14
5406,24.88
5407,24.94
5408,24.03
5409,24.75
5410,25.93
5411,26.67
5412,27.13
5413,27.19
5414,27.62
5415,27.34
5416,27.09
5417,26.69
5418,26.67
5419,26.16
5420,25.84
5421,25.96
5422,25.85
5423,25.59
5424,25.53
5425,25.29
5426,25.09
5427,25.13
5428,24.87
5429,24.71
5430,24.83
5431,24.81
5432,25.85
5433,26.23
5434,26.67
5435,27.13
5436,27.19
5437,27.3
5438,27.03
5439,27.14
5440,27.22
5441,27.03
5442,26.23
5443,26.18
5444,25.21
5445,25.45
5446,25.59
5447,25.58
5448,25.62
5449,25.57
5450,25.41
5451,25.07
5452,24.68
5453,24.5
5454,24.46
5455,24.4
5456,25.19
5457,25.83
5458,26.5
5459,26.65
5460,26.65
5461,26.69
5462,26.61
5463,26.51
5464,26.82
5465,26.59
5466,26.6
5467,26.32
5468,26.17
5469,26.47
5470,26.27
5471,26.22
5472,25.98
5473,25.59
5474,25.38
5475,25.17
5476,24.96
5477,24.73
5478,24.67
5479,24.47
5480,25.52
5481,26.37
5482,26.69
5483,26.67
5484,26.77
5485,26.61
5486,26.58
5487,26.69
5488,26.86
5489,26.52
5490,26.34
5491,26.18
5492,26.59
5493,26.24
5494,25.87
5495,25.84
5496,25.64
5497,25.54
5498,25.2
5499,25.0
5500,24.85
5501,24.74
5502,24.68
5503,24.6
5504,25.1
5505,26.02
5506,26.28
5507,26.51
5508,26.65
5509,26.78
5510,26.96
5511,26.87
5512,27.05
5513,26.69
5514,26.43
5515,26.33
5516,24.81
5517,25.01
5518,25.06
5519,25.11
5520,25.45
5521,25.58
5522,25.51
5523,25.49
5524,25.53
5525,25.37
5526,25.31
5527,25.28
5528,26.14
5529,26.95
5530,27.15
5531,27.04
5532,26.78
5533,26.78
5534,26.94
5535,26.9
5536,26.73
5537,26.83
5538,26.67
5539,26.69
5540,26.16
5541,26.18
5542,26.06
5543,26.32
5544,26.32
5545,25.89
5546,25.5
5547,25.06
5548,24.82
5549,24.67
5550,24.46
5551,24.26
5552,24.63
5553,25.4
5554,26.05
5555,26.33
5556,26.07
5557,26.25
5558,26.14
5559,26.45
5560,26.5
5561,26.37
5562,26.31
5563,26.5
5564,26.23
5565,26.23
5566,26.37
5567,26.06
5568,25.69
5569,25.69
5570,25.45
5571,24.87
5572,24.68
5573,24.29
5574,24.19
5575,24.25
5576,25.25
5577,25.64
5578,26.19
5579,25.98
5580,26.07
5581,25.97
5582,25.79
5583,25.77
5584,25.65
5585,25.65
5586,25.49
5587,26.23
5588,26.23
5589,25.76
5590,25.35
5591,25.66
5592,25.22
5593,24.92
5594,25.3
5595,25.01
5596,24.87
5597,24.84
5598,24.98
5599,25.77
5600,26.3
5601,26.71
5602,26.9
5603,27.13
5604,27.39
5605,27.58
5606,27.59
5607,27.68
5608,27.41
5609,27.4
5610,27.31
5611,27.04
5612,24.64
5613,24.77
5614,24.96
5615,25.29
5616,25.19
5617,25.43
5618,25.8
5619,26.08
5620,26.18
5621,25.96
5622,25.45
5623,25.19
5624,24.03
5625,24.6
5626,24.91
5627,25.98
5628,26.71
5629,27.0
5630,25.59
5631,25.69
5632,26.35
5633,26.52
5634,26.59
5635,26.27
5636,25.17
5637,25.02
5638,25.43
5639,25.97
5640,26.36
5641,26.34
5642,25.9
5643,25.86
5644,25.75
5645,25.37
5646,24.78
5647,24.38
5648,26.26
5649,26.61
5650,26.5
5651,26.27
5652,26.31
5653,26.14
5654,25.53
5655,25.53
5656,25.49
5657,25.81
5658,25.62
5659,25.32
5660,25.64
5661,25.73
5662,25.02
5663,24.82
5664,24.29
5665,23.39
5666,23.05
5667,22.77
5668,22.58
5669,22.47
5670,22.57
5671,22.8
5672,23.85
5673,24.59
5674,24.95
5675,25.41
5676,25.63
5677,25.36
5678,25.1
5679,25.52
5680,25.01
5681,24.39
5682,24.55
5683,24.66
5684,24.42
5685,23.49
5686,23.33
5687,23.49
5688,23.24
5689,23.0
5690,22.82
5691,22.6
5692,22.68
5693,22.49
5694,22.08
5695,22.22
5696,23.5
5697,24.87
5698,25.13
5699,25.3
5700,24.39
5701,24.26
5702,24.11
5703,24.13
5704,24.04
5705,24.74
5706,24.94
5707,24.63
5708,25.0
5709,24.25
5710,23.85
5711,24.11
5712,24.19
5713,24.16
5714,24.1
5715,24.1
5716,24.14
5717,24.17
5718,24.14
5719,23.63
5720,23.61
5721,23.78
5722,23.53
5723,24.11
5724,24.96
5725,24.68
5726,24.99
5727,23.6
5728,24.15
5729,24.81
5730,24.49
5731,24.06
5732,23.61
5733,23.4
5734,23.38
5735,23.69
5736,24.04
5737,23.81
5738,23.84
5739,23.71
5740,23.44
5741,23.74
5742,23.71
5743,23.77
5744,23.17
5745,23.2
5746,23.69
5747,23.97
5748,24.59
5749,24.99
5750,25.59
5751,26.06
5752,26.09
5753,26.09
5754,25.59
5755,25.44
5756,24.77
5757,24.73
5758,24.75
5759,24.58
5760,24.46
5761,24.52
5762,24.63
5763,24.61
5764,24.54
5765,24.58
5766,24.68
5767,24.64
5768,25.13
5769,25.58
5770,25.69
5771,25.53
5772,25.88
5773,24.85
5774,24.53
5775,24.78
5776,24.95
5777,24.82
5778,24.95
5779,25.01
5780,24.58
5781,24.13
5782,24.01
5783,24.09
5784,24.26
5785,24.44
5786,24.51
5787,24.44
5788,24.31
5789,24.11
5790,23.77
5791,23.34
5792,23.73
5793,24.57
5794,25.31
5795,25.72
5796,24.87
5797,24.97
5798,25.59
5799,24.87
5800,24.54
5801,24.87
5802,24.54
5803,24.2
5804,24.3
5805,24.27
5806,24.01
5807,24.01
5808,23.87
5809,23.64
5810,23.51
5811,23.11
5812,23.11
5813,23.24
5814,23.31
5815,23.44
5816,23.44
5817,23.44
5818,23.83
5819,24.58
5820,24.89
5821,25.64
5822,25.36
5823,24.92
5824,24.54
5825,24.92
5826,24.82
5827,24.53
5828,24.05
5829,24.07
5830,24.01
5831,23.79
5832,23.67
5833,23.67
5834,23.64
5835,23.34
5836,22.98
5837,23.01
5838,23.24
5839,23.14
5840,23.64
5841,23.83
5842,24.36
5843,25.4
5844,25.35
5845,25.68
5846,25.37
5847,25.81
5848,25.59
5849,25.52
5850,24.77
5851,24.68
5852,24.46
5853,24.23
5854,24.0
5855,23.74
5856,23.81
5857,23.84
5858,23.87
5859,23.87
5860,23.77
5861,23.64
5862,23.41
5863,23.24
5864,23.77
5865,24.1
5866,24.26
5867,25.26
5868,25.35
5869,26.16
5870,26.09
5871,26.09
5872,24.92
5873,25.21
5874,25.11
5875,24.96
5876,24.77
5877,24.41
5878,24.24
5879,24.17
5880,24.31
5881,24.31
5882,24.31
5883,24.14
5884,24.24
5885,24.14
5886,23.71
5887,23.51
5888,24.4
5889,24.56
5890,24.77
5891,25.16
5892,25.14
5893,25.9
5894,25.87
5895,25.0
5896,25.1
5897,25.14
5898,25.09
5899,24.89
5900,23.99
5901,23.82
5902,23.93
5903,23.93
5904,24.03
5905,23.93
5906,23.83
5907,23.87
5908,23.61
5909,23.47
5910,23.47
5911,23.31
5912,24.3
5913,24.68
5914,25.3
5915,26.17
5916,26.03
5917,25.74
5918,25.74
5919,25.5
5920,25.75
5921,25.81
5922,25.65
5923,25.79
5924,25.44
5925,25.1
5926,24.77
5927,24.61
5928,24.4
5929,24.23
5930,24.05
5931,23.79
5932,23.35
5933,23.38
5934,23.3
5935,23.6
5936,23.47
5937,23.7
5938,23.57
5939,24.3
5940,24.96
5941,25.84
5942,26.61
5943,25.91
5944,24.95
5945,25.45
5946,25.21
5947,24.52
5948,24.37
5949,24.27
5950,24.34
5951,24.36
5952,24.14
5953,24.14
5954,24.21
5955,24.14
5956,24.07
5957,24.07
5958,24.07
5959,23.87
5960,24.5
5961,24.1
5962,25.07
5963,25.35
5964,26.03
5965,25.74
5966,25.06
5967,25.6
5968,25.35
5969,25.26
5970,25.01
5971,24.52
5972,24.37
5973,24.04
5974,24.11
5975,23.77
5976,23.87
5977,23.71
5978,23.71
5979,23.61
5980,23.61
5981,23.61
5982,23.51
5983,23.41
5984,23.51
5985,23.54
5986,23.52
5987,23.82
5988,24.18
5989,24.73
5990,25.34
5991,25.06
5992,24.79
5993,24.7
5994,24.39
5995,24.26
5996,23.21
5997,22.74
5998,21.74
5999,21.02
6000,20.31
6001,19.5
6002,18.95
6003,18.67
6004,18.52
6005,18.55
6006,18.55
6007,18.68
6008,19.09
6009,20.53
6010,21.45
6011,21.92
6012,22.64
6013,23.05
6014,23.13
6015,23.07
6016,22.65
6017,22.64
6018,22.6
6019,21.7
6020,20.52
6021,20.17
6022,19.91
6023,19.5
6024,19.08
6025,18.98
6026,18.78
6027,18.27
6028,17.99
6029,17.58
6030,16.95
6031,16.23
6032,16.49
6033,17.15
6034,17.85
6035,18.69
6036,19.74
6037,20.59
6038,21.23
6039,21.33
6040,21.42
6041,21.26
6042,21.63
6043,21.15
6044,19.36
6045,18.41
6046,17.5
6047,16.88
6048,16.49
6049,16.09
6050,15.69
6051,15.33
6052,14.97
6053,14.79
6054,14.43
6055,14.47
6056,15.43
6057,16.71
6058,17.8
6059,19.09
6060,20.3
6061,21.23
6062,21.84
6063,22.03
6064,22.38
6065,22.21
6066,22.7
6067,22.79
6068,22.03
6069,21.09
6070,20.46
6071,19.41
6072,18.82
6073,18.6
6074,18.39
6075,18.16
6076,17.98
6077,18.21
6078,17.98
6079,17.89
6080,19.3
6081,20.84
6082,21.71
6083,23.03
6084,24.68
6085,25.1
6086,25.69
6087,25.75
6088,25.78
6089,24.77
6090,24.15
6091,24.1
6092,23.44
6093,23.47
6094,23.21
6095,23.04
6096,22.75
6097,22.84
6098,23.04
6099,23.04
6100,22.84
6101,22.75
6102,22.48
6103,22.41
6104,23.01
6105,23.47
6106,23.99
6107,25.01
6108,25.16
6109,25.49
6110,25.63
6111,25.69
6112,25.62
6113,24.67
6114,24.95
6115,24.44
6116,22.91
6117,22.88
6118,22.71
6119,22.71
6120,22.64
6121,22.37
6122,21.87
6123,21.57
6124,21.27
6125,20.59
6126,20.29
6127,19.89
6128,22.41
6129,22.65
6130,22.71
6131,22.93
6132,23.48
6133,23.62
6134,23.48
6135,23.64
6136,23.33
6137,23.42
6138,23.73
6139,23.34
6140,22.11
6141,21.35
6142,20.6
6143,20.05
6144,19.83
6145,19.6
6146,19.61
6147,19.45
6148,19.09
6149,18.97
6150,18.92
6151,18.92
6152,19.73
6153,21.77
6154,22.92
6155,24.23
6156,25.22
6157,25.49
6158,25.17
6159,25.1
6160,25.17
6161,24.8
6162,25.27
6163,25.38
6164,25.84
6165,25.54
6166,25.14
6167,24.98
6168,24.62
6169,24.26
6170,23.87
6171,23.61
6172,23.64
6173,23.57
6174,23.71
6175,23.91
6176,25.49
6177,25.63
6178,25.87
6179,26.52
6180,26.69
6181,26.3
6182,25.89
6183,25.8
6184,25.8
6185,25.71
6186,25.88
6187,26.88
6188,25.71
6189,25.25
6190,24.68
6191,24.34
6192,24.01
6193,23.71
6194,23.82
6195,24.46
6196,24.7
6197,24.63
6198,24.61
6199,24.17
6200,24.6
6201,25.05
6202,25.64
6203,24.78
6204,25.57
6205,25.5
6206,25.47
6207,25.17
6208,25.01
6209,24.74
6210,24.33
6211,24.35
6212,25.16
6213,24.82
6214,24.33
6215,24.08
6216,24.03
6217,24.27
6218,24.24
6219,24.04
6220,23.67
6221,23.64
6222,23.4
6223,23.1
6224,24.14
6225,24.8
6226,25.3
6227,25.45
6228,25.8
6229,25.94
6230,26.02
6231,26.09
6232,25.95
6233,25.79
6234,25.69
6235,25.66
6236,24.44
6237,24.47
6238,24.15
6239,23.97
6240,23.69
6241,22.64
6242,21.7
6243,21.12
6244,20.81
6245,20.61
6246,20.68
6247,20.61
6248,21.92
6249,22.85
6250,23.77
6251,24.67
6252,25.06
6253,25.15
6254,25.15
6255,25.09
6256,25.1
6257,24.74
6258,24.39
6259,24.57
6260,24.2
6261,23.91
6262,24.03
6263,23.76
6264,23.73
6265,23.74
6266,23.61
6267,23.24
6268,23.17
6269,23.34
6270,23.71
6271,22.7
6272,24.31
6273,25.14
6274,25.59
6275,25.84
6276,25.68
6277,25.59
6278,25.53
6279,25.79
6280,25.78
6281,25.76
6282,25.54
6283,25.59
6284,25.0
6285,24.78
6286,24.77
6287,24.71
6288,24.46
6289,24.44
6290,24.36
6291,24.24
6292,23.91
6293,23.84
6294,24.24
6295,24.31
6296,24.44
6297,25.86
6298,26.13
6299,26.06
6300,26.05
6301,26.01
6302,25.95
6303,26.14
6304,26.22
6305,26.38
6306,26.05
6307,25.61
6308,25.79
6309,24.3
6310,23.63
6311,23.95
6312,24.72
6313,24.87
6314,25.04
6315,24.78
6316,24.21
6317,24.41
6318,24.71
6319,24.41
6320,25.41
6321,25.73
6322,25.94
6323,25.78
6324,25.23
6325,25.1
6326,25.19
6327,25.36
6328,25.54
6329,25.45
6330,25.17
6331,24.85
6332,24.54
6333,24.48
6334,24.73
6335,24.75
6336,24.82
6337,24.83
6338,24.77
6339,24.51
6340,24.24
6341,24.24
6342,24.27
6343,24.01
6344,24.51
6345,25.57
6346,24.53
6347,25.6
6348,26.03
6349,25.9
6350,25.74
6351,25.44
6352,25.26
6353,24.98
6354,24.97
6355,24.69
6356,24.92
6357,24.87
6358,24.71
6359,24.46
6360,24.21
6361,23.82
6362,23.66
6363,23.46
6364,23.36
6365,23.17
6366,23.1
6367,22.88
6368,23.52
6369,24.39
6370,24.95
6371,24.82
6372,24.74
6373,24.9
6374,25.38
6375,25.42
6376,24.89
6377,24.62
6378,24.32
6379,24.23
6380,23.98
6381,23.72
6382,23.49
6383,23.47
6384,23.36
6385,23.48
6386,23.56
6387,23.69
6388,23.66
6389,23.5
6390,23.31
6391,23.36
6392,23.6
6393,24.73
6394,25.03
6395,25.41
6396,25.52
6397,25.41
6398,25.01
6399,24.71
6400,24.68
6401,24.68
6402,24.65
6403,24.35
6404,23.81
6405,24.14
6406,23.99
6407,24.21
6408,24.23
6409,24.1
6410,24.11
6411,23.91
6412,23.71
6413,23.64
6414,23.64
6415,23.37
6416,23.44
6417,24.05
6418,24.54
6419,24.88
6420,25.28
6421,25.54
6422,25.41
6423,24.73
6424,24.56
6425,24.39
6426,24.57
6427,24.32
6428,24.96
6429,25.13
6430,24.88
6431,24.68
6432,24.05
6433,23.11
6434,22.96
6435,22.93
6436,22.94
6437,23.04
6438,22.75
6439,22.38
6440,23.87
6441,24.77
6442,25.64
6443,25.9
6444,25.63
6445,24.98
6446,24.79
6447,24.64
6448,24.36
6449,24.05
6450,25.35
6451,24.92
6452,24.4
6453,23.74
6454,23.34
6455,23.47
6456,22.71
6457,21.99
6458,21.33
6459,20.87
6460,19.89
6461,19.25
6462,18.8
6463,18.57
6464,18.89
6465,19.36
6466,20.17
6467,20.9
6468,20.83
6469,20.46
6470,19.98
6471,19.76
6472,19.41
6473,19.76
6474,20.12
6475,19.14
6476,17.96
6477,17.57
6478,17.26
6479,16.94
6480,16.66
6481,16.56
6482,16.31
6483,15.75
6484,15.59
6485,15.46
6486,15.37
6487,15.39
6488,16.2
6489,18.18
6490,19.5
6491,19.56
6492,19.72
6493,20.17
6494,20.25
6495,20.23
6496,20.19
6497,19.95
6498,20.61
6499,19.61
6500,18.26
6501,18.01
6502,17.0
6503,16.89
6504,17.05
6505,16.36
6506,15.97
6507,15.85
6508,15.73
6509,15.44
6510,15.12
6511,15.0
6512,15.66
6513,17.71
6514,19.16
6515,19.88
6516,20.25
6517,20.65
6518,20.84
6519,20.87
6520,20.96
6521,20.73
6522,21.79
6523,19.9
6524,18.46
6525,17.3
6526,16.72
6527,16.22
6528,15.78
6529,15.14
6530,14.61
6531,14.75
6532,14.36
6533,14.26
6534,14.28
6535,14.07
6536,15.2
6537,17.21
6538,18.91
6539,19.9
6540,19.73
6541,19.64
6542,19.66
6543,19.8
6544,20.03
6545,19.88
6546,20.58
6547,19.22
6548,20.19
6549,20.33
6550,19.59
6551,19.25
6552,18.91
6553,18.96
6554,18.71
6555,18.65
6556,18.2
6557,17.91
6558,17.58
6559,17.2
6560,17.88
6561,19.68
6562,21.0
6563,21.85
6564,22.12
6565,22.15
6566,22.48
6567,22.46
6568,22.46
6569,22.23
6570,21.83
6571,22.36
6572,21.73
6573,21.21
6574,21.12
6575,20.95
6576,20.81
6577,20.81
6578,20.77
6579,20.5
6580,20.33
6581,20.26
6582,19.99
6583,19.69
6584,20.4
6585,21.6
6586,22.21
6587,22.55
6588,22.51
6589,22.64
6590,22.52
6591,22.41
6592,22.04
6593,21.03
6594,22.06
6595,23.17
6596,20.41
6597,20.19
6598,20.01
6599,19.88
6600,19.79
6601,19.58
6602,19.45
6603,19.45
6604,19.29
6605,19.18
6606,19.09
6607,18.94
6608,19.31
6609,20.57
6610,21.54
6611,21.69
6612,21.86
6613,22.0
6614,22.32
6615,22.46
6616,22.4
6617,22.03
6618,21.9
6619,21.4
6620,21.73
6621,21.41
6622,21.3
6623,21.14
6624,21.0
6625,21.04
6626,21.06
6627,20.94
6628,20.44
6629,20.13
6630,19.99
6631,20.09
6632,20.12
6633,20.42
6634,21.03
6635,21.42
6636,21.69
6637,21.63
6638,21.22
6639,21.26
6640,21.26
6641,21.26
6642,21.02
6643,20.91
6644,20.96
6645,20.75
6646,21.11
6647,21.92
6648,22.27
6649,21.79
6650,21.47
6651,21.04
6652,20.45
6653,20.22
6654,20.2
6655,20.51
6656,20.26
6657,21.4
6658,22.81
6659,23.59
6660,24.09
6661,24.57
6662,24.48
6663,24.39
6664,24.41
6665,24.17
6666,24.37
6667,23.96
6668,24.15
6669,23.96
6670,23.65
6671,23.25
6672,22.96
6673,22.64
6674,22.74
6675,22.58
6676,22.61
6677,22.35
6678,22.28
6679,21.98
6680,22.38
6681,22.74
6682,22.86
6683,23.25
6684,23.26
6685,23.22
6686,23.5
6687,23.6
6688,23.6
6689,23.08
6690,22.99
6691,22.6
6692,23.49
6693,23.01
6694,22.63
6695,22.38
6696,22.16
6697,22.04
6698,21.85
6699,21.56
6700,21.4
6701,21.23
6702,21.07
6703,20.84
6704,20.84
6705,21.64
6706,22.42
6707,22.62
6708,22.73
6709,22.84
6710,23.04
6711,22.69
6712,22.17
6713,21.79
6714,21.63
6715,20.83
6716,20.23
6717,19.9
6718,20.03
6719,19.71
6720,19.47
6721,19.08
6722,18.72
6723,18.44
6724,18.39
6725,18.38
6726,18.27
6727,18.16
6728,18.76
6729,20.05
6730,21.24
6731,21.61
6732,21.63
6733,21.59
6734,21.45
6735,21.41
6736,21.34
6737,21.04
6738,21.26
6739,20.82
6740,19.3
6741,19.05
6742,19.0
6743,19.0
6744,19.12
6745,18.99
6746,18.76
6747,18.62
6748,18.48
6749,18.27
6750,18.07
6751,17.82
6752,17.5
6753,17.39
6754,17.59
6755,17.88
6756,18.02
6757,18.33
6758,18.06
6759,17.59
6760,16.79
6761,16.24
6762,16.4
6763,14.6
6764,14.1
6765,13.87
6766,13.78
6767,13.47
6768,13.16
6769,12.75
6770,12.54
6771,12.35
6772,12.11
6773,12.02
6774,11.86
6775,11.73
6776,12.28
6777,13.95
6778,15.42
6779,16.63
6780,16.99
6781,17.48
6782,17.92
6783,18.12
6784,18.24
6785,18.65
6786,19.13
6787,17.18
6788,16.52
6789,15.97
6790,15.81
6791,15.52
6792,15.49
6793,15.42
6794,15.43
6795,15.16
6796,15.04
6797,14.79
6798,14.44
6799,14.14
6800,14.63
6801,16.13
6802,17.2
6803,17.79
6804,17.83
6805,18.3
6806,18.44
6807,18.59
6808,18.24
6809,18.17
6810,19.02
6811,17.29
6812,16.41
6813,16.04
6814,17.03
6815,17.52
6816,17.42
6817,17.27
6818,17.15
6819,16.53
6820,15.77
6821,15.39
6822,15.33
6823,14.79
6824,14.99
6825,16.6
6826,17.88
6827,18.71
6828,19.27
6829,19.57
6830,19.85
6831,19.97
6832,19.84
6833,19.6
6834,19.64
6835,18.7
6836,18.44
6837,19.13
6838,19.21
6839,19.23
6840,19.21
6841,19.04
6842,18.77
6843,18.19
6844,17.7
6845,17.62
6846,17.32
6847,17.3
6848,17.52
6849,19.61
6850,21.3
6851,21.24
6852,21.08
6853,21.09
6854,21.31
6855,21.27
6856,20.94
6857,21.25
6858,21.7
6859,20.73
6860,19.74
6861,19.59
6862,19.53
6863,19.73
6864,19.57
6865,19.06
6866,18.71
6867,18.81
6868,18.77
6869,18.86
6870,18.74
6871,18.7
6872,19.39
6873,20.73
6874,22.02
6875,22.79
6876,23.22
6877,23.6
6878,23.56
6879,23.49
6880,23.14
6881,22.69
6882,22.51
6883,21.7
6884,22.24
6885,21.55
6886,21.26
6887,21.18
6888,21.17
6889,20.97
6890,20.9
6891,20.73
6892,20.66
6893,20.59
6894,20.68
6895,20.78
6896,21.37
6897,22.21
6898,22.68
6899,22.85
6900,22.45
6901,22.06
6902,21.88
6903,20.8
6904,20.13
6905,20.37
6906,23.49
6907,19.82
6908,19.96
6909,19.47
6910,19.49
6911,19.79
6912,19.41
6913,18.84
6914,18.07
6915,17.57
6916,17.4
6917,17.3
6918,16.64
6919,16.59
6920,17.37
6921,18.46
6922,19.94
6923,20.8
6924,21.5
6925,21.66
6926,21.41
6927,20.99
6928,20.65
6929,20.37
6930,25.25
6931,20.66
6932,21.54
6933,22.39
6934,21.82
6935,20.92
6936,20.06
6937,19.91
6938,16.36
6939,15.28
6940,13.77
6941,12.19
6942,10.86
6943,9.93
6944,9.28
6945,9.47
6946,9.88
6947,10.49
6948,11.05
6949,11.31
6950,11.2
6951,11.07
6952,11.0
6953,11.0
6954,10.65
6955,10.06
6956,9.49
6957,9.43
6958,8.86
6959,8.3
6960,7.88
6961,7.5
6962,7.11
6963,6.72
6964,6.24
6965,6.01
6966,5.95
6967,5.79
6968,6.34
6969,8.0
6970,9.38
6971,10.77
6972,11.95
6973,12.45
6974,12.25
6975,12.09
6976,12.09
6977,11.55
6978,11.16
6979,10.45
6980,10.13
6981,10.21
6982,10.45
6983,10.83
6984,11.23
6985,11.1
6986,10.31
6987,10.02
6988,10.27
6989,10.63
6990,10.87
6991,11.09
6992,11.73
6993,13.06
6994,14.62
6995,16.05
6996,17.29
6997,18.08
6998,18.29
6999,18.18
7000,18.01
7001,17.81
7002,17.6
7003,17.07
7004,16.9
7005,16.47
7006,15.97
7007,15.47
7008,14.85
7009,14.39
7010,14.32
7011,13.62
7012,13.67
7013,13.97
7014,14.65
7015,14.88
7016,14.53
7017,15.41
7018,16.26
7019,17.5
7020,18.63
7021,19.52
7022,19.81
7023,19.73
7024,19.47
7025,19.38
7026,18.83
7027,18.16
7028,17.88
7029,17.72
7030,17.75
7031,17.81
7032,17.56
7033,16.83
7034,15.82
7035,14.8
7036,13.95
7037,13.6
7038,13.44
7039,13.39
7040,13.97
7041,15.16
7042,16.53
7043,17.33
7044,17.46
7045,17.87
7046,17.83
7047,17.81
7048,17.81
7049,17.57
7050,17.12
7051,16.83
7052,17.34
7053,16.91
7054,16.62
7055,16.67
7056,16.69
7057,15.99
7058,15.34
7059,14.86
7060,13.82
7061,13.5
7062,13.19
7063,12.91
7064,12.63
7065,13.85
7066,15.38
7067,17.44
7068,18.74
7069,19.2
7070,19.39
7071,19.31
7072,18.88
7073,18.38
7074,17.52
7075,16.94
7076,18.49
7077,18.1
7078,17.62
7079,16.92
7080,16.17
7081,15.89
7082,15.69
7083,16.0
7084,16.32
7085,16.42
7086,16.74
7087,16.25
7088,16.42
7089,18.3
7090,20.14
7091,21.22
7092,21.3
7093,21.28
7094,21.0
7095,20.75
7096,20.75
7097,20.74
7098,20.3
7099,20.0
7100,20.47
7101,20.22
7102,20.03
7103,19.82
7104,19.51
7105,19.09
7106,18.52
7107,18.42
7108,18.79
7109,18.44
7110,17.88
7111,17.37
7112,17.37
7113,19.16
7114,20.84
7115,22.01
7116,21.97
7117,21.81
7118,21.69
7119,21.61
7120,21.69
7121,21.25
7122,20.52
7123,19.72
7124,20.58
7125,20.71
7126,20.37
7127,20.16
7128,20.01
7129,19.61
7130,19.14
7131,18.56
7132,18.06
7133,18.88
7134,18.78
7135,18.18
7136,15.87
7137,17.25
7138,20.14
7139,20.92
7140,20.55
7141,20.23
7142,20.32
7143,20.92
7144,21.25
7145,21.17
7146,20.67
7147,20.23
7148,20.94
7149,20.87
7150,20.8
7151,20.53
7152,20.26
7153,20.06
7154,19.64
7155,19.14
7156,18.35
7157,18.15
7158,18.15
7159,18.05
7160,18.74
7161,20.58
7162,22.25
7163,22.7
7164,22.81
7165,22.8
7166,22.82
7167,22.47
7168,22.12
7169,22.13
7170,22.21
7171,21.92
7172,21.96
7173,22.18
7174,22.18
7175,21.85
7176,21.71
7177,21.44
7178,20.76
7179,20.66
7180,20.76
7181,21.29
7182,20.89
7183,19.79
7184,20.29
7185,21.27
7186,22.34
7187,23.01
7188,23.08
7189,22.81
7190,22.55
7191,22.3
7192,22.3
7193,22.12
7194,21.72
7195,21.63
7196,21.87
7197,21.64
7198,21.49
7199,21.17
7200,21.03
7201,20.78
7202,20.51
7203,20.14
7204,19.76
7205,20.04
7206,20.16
7207,20.09
7208,18.08
7209,19.86
7210,21.59
7211,21.97
7212,20.89
7213,20.47
7214,20.5
7215,20.94
7216,20.61
7217,20.23
7218,19.7
7219,19.29
7220,19.95
7221,20.65
7222,20.71
7223,20.6
7224,20.46
7225,20.29
7226,19.89
7227,19.01
7228,19.27
7229,19.09
7230,20.13
7231,19.99
7232,20.14
7233,21.76
7234,22.44
7235,22.48
7236,22.52
7237,22.39
7238,22.39
7239,21.87
7240,21.61
7241,21.56
7242,21.3
7243,20.94
7244,21.48
7245,21.1
7246,21.4
7247,21.29
7248,21.39
7249,21.12
7250,21.02
7251,21.06
7252,20.83
7253,20.6
7254,20.51
7255,20.51
7256,20.58
7257,21.16
7258,21.59
7259,21.69
7260,21.69
7261,21.59
7262,21.5
7263,21.34
7264,21.26
7265,20.84
7266,20.99
7267,20.7
7268,21.54
7269,21.44
7270,21.37
7271,21.54
7272,21.41
7273,21.65
7274,21.69
7275,21.79
7276,21.92
7277,21.82
7278,21.81
7279,21.89
7280,21.92
7281,22.51
7282,22.58
7283,21.95
7284,23.35
7285,23.77
7286,24.14
7287,22.06
7288,23.18
7289,23.49
7290,23.19
7291,23.01
7292,22.58
7293,22.32
7294,22.55
7295,22.94
7296,22.77
7297,22.84
7298,23.07
7299,23.2
7300,23.14
7301,23.04
7302,23.11
7303,22.98
7304,21.07
7305,21.0
7306,21.3
7307,22.95
7308,23.29
7309,22.56
7310,22.58
7311,22.74
7312,22.72
7313,22.26
7314,22.04
7315,21.72
7316,23.11
7317,22.77
7318,22.67
7319,22.47
7320,22.57
7321,22.61
7322,22.37
7323,22.27
7324,22.31
7325,21.75
7326,21.32
7327,21.13
7328,21.22
7329,21.13
7330,21.33
7331,21.68
7332,22.05
7333,22.49
7334,22.63
7335,22.71
7336,22.73
7337,22.51
7338,22.24
7339,21.82
7340,21.91
7341,21.7
7342,21.04
7343,20.83
7344,20.67
7345,20.19
7346,20.02
7347,19.88
7348,20.01
7349,20.23
7350,20.73
7351,21.13
7352,21.21
7353,21.95
7354,21.82
7355,22.12
7356,22.43
7357,23.24
7358,22.3
7359,22.83
7360,22.53
7361,22.35
7362,22.2
7363,21.69
7364,22.09
7365,22.05
7366,21.92
7367,22.22
7368,22.22
7369,22.22
7370,22.18
7371,22.22
7372,22.18
7373,22.18
7374,22.22
7375,22.25
7376,22.84
7377,22.94
7378,23.52
7379,23.21
7380,24.35
7381,24.34
7382,23.07
7383,22.0
7384,24.11
7385,23.58
7386,23.29
7387,22.88
7388,22.51
7389,22.75
7390,23.31
7391,23.24
7392,23.21
7393,23.24
7394,23.08
7395,23.51
7396,23.34
7397,23.17
7398,22.98
7399,22.98
7400,23.37
7401,23.53
7402,23.15
7403,23.87
7404,23.83
7405,23.77
7406,23.65
7407,23.89
7408,23.67
7409,23.24
7410,23.25
7411,22.82
7412,22.96
7413,22.87
7414,22.77
7415,22.49
7416,23.13
7417,22.88
7418,22.51
7419,22.63
7420,22.78
7421,22.78
7422,21.65
7423,20.76
7424,20.68
7425,18.57
7426,18.03
7427,18.1
7428,18.88
7429,19.03
7430,19.05
7431,18.76
7432,18.63
7433,18.76
7434,19.13
7435,18.05
7436,19.26
7437,17.22
7438,16.03
7439,15.2
7440,14.28
7441,14.03
7442,13.97
7443,14.15
7444,14.3
7445,14.39
7446,14.43
7447,14.89
7448,14.42
7449,15.59
7450,17.41
7451,19.16
7452,20.04
7453,20.76
7454,21.39
7455,21.91
7456,22.02
7457,22.36
7458,22.77
7459,21.83
7460,22.18
7461,22.18
7462,22.35
7463,22.68
7464,22.84
7465,22.84
7466,23.04
7467,22.91
7468,22.88
7469,22.98
7470,23.04
7471,23.01
7472,23.3
7473,23.11
7474,23.42
7475,23.9
7476,24.1
7477,24.07
7478,24.05
7479,24.02
7480,23.71
7481,23.46
7482,23.63
7483,22.88
7484,23.21
7485,23.01
7486,22.75
7487,21.82
7488,21.4
7489,21.26
7490,21.42
7491,21.65
7492,21.99
7493,22.38
7494,22.78
7495,23.08
7496,22.45
7497,22.25
7498,23.15
7499,23.42
7500,23.09
7501,23.89
7502,23.71
7503,23.09
7504,23.7
7505,23.5
7506,22.84
7507,23.11
7508,22.58
7509,22.41
7510,22.58
7511,22.48
7512,21.74
7513,21.38
7514,21.41
7515,21.31
7516,21.24
7517,20.06
7518,18.87
7519,17.81
7520,17.83
7521,17.42
7522,18.08
7523,18.71
7524,19.42
7525,20.12
7526,20.94
7527,21.9
7528,22.06
7529,22.06
7530,22.11
7531,21.58
7532,20.97
7533,21.14
7534,21.46
7535,21.46
7536,21.36
7537,21.33
7538,21.46
7539,21.49
7540,21.45
7541,21.48
7542,21.35
7543,21.22
7544,21.07
7545,21.18
7546,21.22
7547,22.44
7548,22.81
7549,22.91
7550,23.12
7551,23.07
7552,22.85
7553,22.7
7554,22.63
7555,21.66
7556,21.27
7557,20.84
7558,20.3
7559,19.91
7560,19.54
7561,19.07
7562,18.49
7563,18.32
7564,17.92
7565,17.52
7566,17.24
7567,17.14
7568,17.74
7569,19.12
7570,20.45
7571,21.23
7572,21.69
7573,21.75
7574,21.45
7575,20.86
7576,20.36
7577,20.08
7578,19.81
7579,18.3
7580,18.93
7581,17.5
7582,16.91
7583,16.43
7584,15.99
7585,15.6
7586,15.43
7587,15.15
7588,14.67
7589,14.27
7590,13.98
7591,13.72
7592,14.13
7593,15.07
7594,16.09
7595,17.16
7596,17.71
7597,17.6
7598,17.79
7599,17.76
7600,17.61
7601,17.65
7602,18.61
7603,17.19
7604,17.28
7605,16.94
7606,16.5
7607,15.92
7608,15.34
7609,14.86
7610,14.57
7611,14.01
7612,14.06
7613,13.82
7614,13.63
7615,13.45
7616,12.68
7617,13.69
7618,16.33
7619,17.45
7620,18.81
7621,19.77
7622,20.34
7623,20.08
7624,19.85
7625,19.97
7626,20.57
7627,19.49
7628,19.16
7629,18.61
7630,16.22
7631,14.01
7632,13.11
7633,12.26
7634,11.84
7635,11.55
7636,11.25
7637,11.03
7638,10.7
7639,10.42
7640,9.6
7641,10.72
7642,11.71
7643,12.61
7644,13.27
7645,13.49
7646,13.63
7647,13.4
7648,13.32
7649,13.16
7650,13.75
7651,12.91
7652,12.73
7653,12.17
7654,11.66
7655,11.22
7656,11.0
7657,10.58
7658,10.3
7659,10.22
7660,9.84
7661,9.46
7662,9.37
7663,9.19
7664,8.03
7665,9.27
7666,10.99
7667,12.46
7668,13.48
7669,14.04
7670,14.51
7671,14.62
7672,14.17
7673,13.58
7674,13.9
7675,13.44
7676,13.39
7677,13.08
7678,12.74
7679,12.71
7680,12.63
7681,12.34
7682,12.37
7683,12.57
7684,12.66
7685,12.59
7686,12.81
7687,13.3
7688,13.52
7689,14.39
7690,15.99
7691,17.84
7692,18.99
7693,19.56
7694,18.69
7695,18.69
7696,18.81
7697,19.0
7698,19.13
7699,18.69
7700,19.32
7701,19.44
7702,19.73
7703,20.09
7704,20.29
7705,21.26
7706,21.39
7707,21.52
7708,21.71
7709,21.67
7710,21.14
7711,20.89
7712,21.9
7713,21.77
7714,21.8
7715,21.8
7716,22.11
7717,23.24
7718,23.72
7719,23.32
7720,23.33
7721,23.5
7722,22.93
7723,22.74
7724,23.24
7725,22.64
7726,22.31
7727,22.14
7728,21.7
7729,21.23
7730,21.14
7731,20.96
7732,20.87
7733,21.06
7734,21.15
7735,21.77
7736,22.37
7737,22.6
7738,22.93
7739,22.96
7740,23.48
7741,23.77
7742,23.53
7743,23.46
7744,24.07
7745,22.96
7746,22.18
7747,21.2
7748,18.1
7749,18.25
7750,18.57
7751,18.37
7752,17.62
7753,17.22
7754,16.38
7755,15.5
7756,14.65
7757,13.76
7758,13.4
7759,12.73
7760,11.4
7761,13.09
7762,14.8
7763,15.63
7764,16.22
7765,16.24
7766,16.51
7767,16.49
7768,16.51
7769,17.0
7770,17.11
7771,15.78
7772,15.81
7773,15.16
7774,14.51
7775,14.18
7776,13.99
7777,13.48
7778,12.88
7779,12.08
7780,11.77
7781,11.78
7782,11.77
7783,11.33
7784,10.35
7785,10.11
7786,10.39
7787,10.54
7788,10.72
7789,10.84
7790,10.64
7791,10.34
7792,10.27
7793,10.15
7794,9.6
7795,8.58
7796,8.52
7797,8.18
7798,7.77
7799,7.34
7800,6.81
7801,6.47
7802,6.02
7803,5.67
7804,5.21
7805,4.94
7806,4.75
7807,4.46
7808,3.15
7809,4.61
7810,6.59
7811,8.35
7812,9.91
7813,10.47
7814,10.17
7815,10.06
7816,10.2
7817,10.53
7818,11.43
7819,10.03
7820,9.94
7821,9.33
7822,8.66
7823,8.05
7824,8.03
7825,7.59
7826,7.23
7827,6.96
7828,6.68
7829,6.22
7830,6.03
7831,5.84
7832,5.16
7833,6.22
7834,8.34
7835,10.43
7836,11.95
7837,12.58
7838,12.94
7839,13.07
7840,13.01
7841,13.1
7842,13.63
7843,12.29
7844,12.28
7845,11.53
7846,11.22
7847,10.44
7848,9.98
7849,9.41
7850,8.96
7851,8.49
7852,8.31
7853,8.31
7854,8.12
7855,7.74
7856,6.67
7857,7.45
7858,9.41
7859,11.44
7860,13.02
7861,14.27
7862,15.24
7863,15.86
7864,16.22
7865,15.94
7866,15.23
7867,14.42
7868,13.98
7869,13.86
7870,13.71
7871,13.61
7872,13.73
7873,13.86
7874,13.82
7875,13.82
7876,13.8
7877,13.84
7878,14.17
7879,14.25
7880,13.56
7881,14.48
7882,16.46
7883,18.46
7884,19.72
7885,19.31
7886,19.66
7887,19.14
7888,19.42
7889,19.18
7890,18.3
7891,17.84
7892,18.96
7893,19.1
7894,19.06
7895,18.77
7896,18.54
7897,18.34
7898,18.36
7899,18.08
7900,17.82
7901,17.83
7902,18.1
7903,18.15
7904,17.19
7905,18.15
7906,19.55
7907,20.73
7908,21.73
7909,21.54
7910,21.56
7911,21.34
7912,21.18
7913,21.0
7914,21.0
7915,20.37
7916,19.07
7917,14.42
7918,12.65
7919,11.14
7920,10.21
7921,9.85
7922,9.1
7923,8.63
7924,8.27
7925,8.19
7926,7.91
7927,7.63
7928,6.87
7929,7.26
7930,8.0
7931,8.99
7932,10.21
7933,11.33
7934,12.23
7935,12.95
7936,13.39
7937,13.34
7938,13.36
7939,13.51
7940,13.36
7941,13.25
7942,13.0
7943,12.6
7944,12.54
7945,13.01
7946,13.34
7947,13.45
7948,13.75
7949,14.06
7950,14.17
7951,14.18
7952,15.45
7953,16.09
7954,17.15
7955,18.64
7956,20.23
7957,21.03
7958,20.88
7959,21.08
7960,21.0
7961,20.84
7962,20.76
7963,20.66
7964,21.16
7965,21.2
7966,21.1
7967,20.94
7968,20.9
7969,20.73
7970,20.78
7971,20.49
7972,14.88
7973,12.49
7974,11.58
7975,11.09
7976,11.32
7977,10.98
7978,10.67
7979,10.5
7980,10.87
7981,11.52
7982,11.76
7983,11.55
7984,11.3
7985,10.74
7986,10.09
7987,9.47
7988,9.32
7989,9.35
7990,9.07
7991,8.3
7992,7.75
7993,7.3
7994,6.85
7995,6.12
7996,5.57
7997,5.39
7998,5.02
7999,4.74
8000,4.63
8001,5.02
8002,5.49
8003,6.37
8004,7.11
8005,7.64
8006,7.97
8007,8.21
8008,8.05
8009,7.73
8010,7.22
8011,6.57
8012,6.15
8013,5.76
8014,5.35
8015,4.94
8016,4.68
8017,4.24
8018,3.88
8019,3.35
8020,2.99
8021,2.71
8022,2.52
8023,2.42
8024,2.51
8025,3.09
8026,4.23
8027,5.21
8028,6.91
8029,8.5
8030,9.72
8031,10.43
8032,10.83
8033,10.88
8034,10.65
8035,10.57
8036,10.95
8037,10.72
8038,10.7
8039,10.83
8040,10.87
8041,10.74
8042,10.36
8043,10.07
8044,10.04
8045,10.14
8046,9.92
8047,9.91
8048,9.52
8049,9.5
8050,9.71
8051,10.55
8052,11.3
8053,11.85
8054,11.67
8055,11.42
8056,11.51
8057,11.56
8058,11.43
8059,11.27
8060,10.9
8061,10.27
8062,9.92
8063,9.33
8064,8.71
8065,8.17
8066,7.71
8067,7.43
8068,6.97
8069,6.5
8070,6.13
8071,5.84
8072,4.97
8073,5.28
8074,6.39
8075,7.75
8076,8.98
8077,9.64
8078,9.84
8079,10.09
8080,9.89
8081,9.72
8082,9.47
8083,9.29
8084,9.09
8085,8.76
8086,8.5
8087,8.1
8088,7.86
8089,7.32
8090,6.95
8091,6.4
8092,6.12
8093,5.85
8094,5.58
8095,5.3
8096,4.73
8097,5.12
8098,6.35
8099,7.66
8100,8.8
8101,9.68
8102,10.29
8103,10.34
8104,10.29
8105,10.42
8106,10.21
8107,9.82
8108,10.44
8109,10.01
8110,9.76
8111,9.8
8112,9.47
8113,9.76
8114,10.01
8115,10.45
8116,11.09
8117,12.08
8118,13.08
8119,14.62
8120,12.98
8121,14.19
8122,16.3
8123,18.27
8124,19.36
8125,19.14
8126,19.25
8127,19.36
8128,19.78
8129,19.29
8130,19.19
8131,17.95
8132,19.04
8133,19.08
8134,19.38
8135,18.96
8136,18.76
8137,18.44
8138,18.14
8139,18.06
8140,17.64
8141,16.72
8142,16.02
8143,15.49
8144,15.52
8145,15.3
8146,15.17
8147,15.06
8148,15.01
8149,14.47
8150,13.67
8151,13.13
8152,12.85
8153,11.93
8154,11.05
8155,10.52
8156,10.98
8157,10.4
8158,10.12
8159,9.26
8160,8.61
8161,7.96
8162,7.6
8163,6.95
8164,6.12
8165,5.12
8166,3.7
8167,2.5
8168,2.3
8169,2.07
8170,2.22
8171,3.03
8172,4.07
8173,4.99
8174,5.82
8175,6.28
8176,6.3
8177,6.39
8178,6.04
8179,5.75
8180,6.44
8181,5.92
8182,5.39
8183,5.04
8184,4.94
8185,4.59
8186,4.4
8187,4.31
8188,4.05
8189,4.14
8190,4.14
8191,4.14
8192,4.47
8193,4.48
8194,4.93
8195,5.3
8196,6.02
8197,6.21
8198,6.68
8199,7.16
8200,8.22
8201,8.62
8202,9.12
8203,9.22
8204,9.8
8205,11.17
8206,12.96
8207,14.47
8208,14.51
8209,14.83
8210,14.63
8211,13.62
8212,13.14
8213,13.45
8214,13.23
8215,13.22
8216,10.93
8217,11.34
8218,11.53
8219,12.91
8220,13.88
8221,13.51
8222,13.51
8223,13.9
8224,13.9
8225,14.03
8226,13.95
8227,14.03
8228,14.13
8229,14.13
8230,13.93
8231,14.32
8232,14.62
8233,14.72
8234,14.61
8235,14.61
8236,14.81
8237,14.81
8238,14.61
8239,14.61
8240,15.12
8241,15.4
8242,16.05
8243,17.37
8244,18.42
8245,19.31
8246,20.19
8247,20.45
8248,20.63
8249,20.68
8250,20.38
8251,19.93
8252,19.71
8253,19.75
8254,19.66
8255,19.29
8256,18.99
8257,18.59
8258,17.64
8259,17.04
8260,16.44
8261,15.53
8262,13.18
8263,11.6
8264,13.51
8265,12.88
8266,12.49
8267,12.54
8268,12.88
8269,13.0
8270,12.76
8271,12.37
8272,11.57
8273,10.99
8274,9.74
8275,8.64
8276,7.83
8277,6.92
8278,5.63
8279,4.59
8280,3.98
8281,3.46
8282,2.78
8283,2.59
8284,2.5
8285,2.37
8286,2.25
8287,1.86
8288,1.06
8289,1.48
8290,2.44
8291,3.81
8292,5.15
8293,6.22
8294,6.86
8295,7.07
8296,6.98
8297,6.74
8298,6.22
8299,5.65
8300,5.63
8301,5.47
8302,5.17
8303,4.67
8304,4.42
8305,4.16
8306,3.89
8307,3.34
8308,3.07
8309,2.88
8310,2.76
8311,2.54
8312,0.71
8313,1.72
8314,3.45
8315,5.89
8316,8.27
8317,9.43
8318,9.75
8319,10.1
8320,10.34
8321,10.05
8322,9.19
8323,8.76
8324,8.73
8325,8.67
8326,9.12
8327,9.58
8328,10.05
8329,10.48
8330,10.7
8331,11.22
8332,11.83
8333,12.25
8334,12.48
8335,12.6
8336,13.27
8337,13.76
8338,14.21
8339,14.94
8340,15.37
8341,16.13
8342,16.81
8343,16.78
8344,16.74
8345,16.86
8346,16.91
8347,17.0
8348,17.1
8349,16.8
8350,16.78
8351,16.72
8352,16.66
8353,16.59
8354,16.34
8355,16.68
8356,16.93
8357,16.91
8358,17.22
8359,17.17
8360,17.49
8361,17.69
8362,18.27
8363,19.12
8364,19.81
8365,20.61
8366,21.03
8367,20.7
8368,19.86
8369,19.96
8370,19.84
8371,19.54
8372,20.41
8373,19.99
8374,19.76
8375,19.56
8376,19.16
8377,19.24
8378,19.36
8379,19.26
8380,18.96
8381,18.76
8382,18.56
8383,18.36
8384,18.86
8385,19.24
8386,20.53
8387,21.06
8388,21.12
8389,20.76
8390,20.76
8391,20.49
8392,20.34
8393,20.37
8394,20.19
8395,19.8
8396,20.16
8397,19.73
8398,19.16
8399,18.67
8400,18.35
8401,18.06
8402,17.88
8403,17.83
8404,17.75
8405,17.87
8406,17.99
8407,18.17
8408,19.01
8409,19.39
8410,19.89
8411,20.37
8412,20.89
8413,21.17
8414,20.97
8415,20.68
8416,20.78
8417,21.03
8418,20.89
8419,20.81
8420,20.25
8421,20.03
8422,19.69
8423,19.24
8424,18.81
8425,18.52
8426,18.22
8427,18.14
8428,18.24
8429,18.36
8430,18.26
8431,17.76
8432,18.88
8433,19.08
8434,19.89
8435,20.61
8436,20.66
8437,20.23
8438,20.39
8439,19.96
8440,20.0
8441,20.2
8442,20.06
8443,19.77
8444,19.95
8445,20.06
8446,19.81
8447,19.41
8448,19.01
8449,18.64
8450,18.36
8451,17.96
8452,17.76
8453,16.97
8454,16.77
8455,16.37
8456,17.78
8457,17.98
8458,18.46
8459,19.19
8460,19.64
8461,18.83
8462,18.58
8463,18.39
8464,18.48
8465,16.4
8466,14.43
8467,13.03
8468,12.33
8469,11.49
8470,10.86
8471,10.33
8472,9.78
8473,9.23
8474,8.77
8475,8.5
8476,8.12
8477,7.93
8478,7.64
8479,7.55
8480,7.15
8481,7.54
8482,8.61
8483,10.02
8484,11.32
8485,12.5
8486,13.18
8487,13.5
8488,13.48
8489,13.5
8490,13.41
8491,12.99
8492,12.9
8493,12.52
8494,12.25
8495,11.88
8496,11.59
8497,11.11
8498,10.72
8499,10.62
8500,10.21
8501,9.91
8502,9.02
8503,8.52
8504,7.24
8505,7.54
8506,8.98
8507,10.34
8508,10.88
8509,11.19
8510,11.35
8511,11.45
8512,11.09
8513,10.69
8514,10.54
8515,9.65
8516,9.54
8517,8.54
8518,7.35
8519,6.5
8520,5.99
8521,5.57
8522,5.04
8523,4.58
8524,4.13
8525,3.84
8526,3.73
8527,3.52
8528,2.98
8529,3.1
8530,3.55
8531,4.32
8532,5.29
8533,6.02
8534,6.72
8535,7.38
8536,7.83
8537,7.88
8538,9.06
8539,7.59
8540,7.3
8541,7.14
8542,6.78
8543,6.41
8544,6.12
8545,5.55
8546,4.9
8547,4.17
8548,3.7
8549,3.5
8550,3.29
8551,3.0
8552,2.4
8553,2.89
8554,4.36
8555,6.22
8556,8.3
8557,10.03
8558,11.44
8559,12.26
8560,12.54
8561,12.33
8562,11.97
8563,11.49
8564,11.41
8565,11.16
8566,10.99
8567,10.8
8568,10.9
8569,11.2
8570,11.39
8571,11.78
8572,11.97
8573,12.06
8574,12.15
8575,12.34
8576,11.87
8577,12.32
8578,13.58
8579,14.88
8580,15.72
8581,15.82
8582,15.89
8583,16.03
8584,15.95
8585,15.73
8586,15.32
8587,15.19
8588,15.87
8589,15.76
8590,15.78
8591,15.86
8592,15.88
8593,16.07
8594,16.17
8595,16.29
8596,16.27
8597,16.74
8598,16.44
8599,16.18
8600,16.44
8601,16.34
8602,17.02
8603,18.03
8604,18.96
8605,19.34
8606,19.36
8607,18.36
8608,17.94
8609,18.1
8610,18.11
8611,17.54
8612,16.48
8613,16.76
8614,16.58
8615,16.6
8616,16.24
8617,16.14
8618,15.87
8619,15.75
8620,15.65
8621,15.53
8622,15.52
8623,15.35
8624,14.01
8625,14.1
8626,15.27
8627,16.05
8628,16.62
8629,17.4
8630,17.35
8631,17.35
8632,17.35
8633,17.25
8634,17.28
8635,17.44
8636,16.56
8637,16.72
8638,16.76
8639,16.25
8640,16.05
8641,16.17
8642,16.27
8643,16.46
8644,16.78
8645,16.9
8646,17.12
8647,17.52
8648,17.14
8649,17.64
8650,18.47
8651,18.13
8652,17.81
8653,17.61
8654,18.83
8655,17.69
8656,17.8
8657,18.34
8658,18.19
8659,17.72
8660,19.21
8661,19.14
8662,18.86
8663,19.28
8664,18.78
8665,16.68
8666,15.43
8667,14.81
8668,13.9
8669,13.3
8670,12.81
8671,12.32
8672,10.73
8673,11.72
8674,13.17
8675,14.55
8676,15.92
8677,17.47
8678,18.83
8679,19.67
8680,19.77
8681,19.81
8682,19.9
8683,18.54
8684,19.25
8685,19.29
8686,19.14
8687,19.29
8688,19.16
8689,19.08
8690,19.08
8691,19.28
8692,19.48
8693,19.58
8694,19.76
8695,19.66
8696,20.89
8697,20.64
8698,20.59
8699,21.0
8700,21.64
8701,21.35
8702,19.6
8703,17.36
8704,17.88
8705,18.54
8706,18.0
8707,17.42
8708,14.59
8709,13.87
8710,13.2
8711,12.85
8712,12.76
8713,12.59
8714,12.57
8715,12.6
8716,12.61
8717,12.53
8718,12.15
8719,11.04
8720,11.04
8721,11.54
8722,11.93
8723,12.64
8724,13.45
8725,14.3
8726,14.92
8727,15.65
8728,15.93
8729,15.99
8730,15.85
8731,14.88
8732,13.82
8733,13.72
8734,13.48
8735,13.11
8736,12.72
8737,12.42
8738,12.32
8739,12.12
8740,12.03
8741,12.12
8742,12.42
8743,12.73
8744,13.04
8745,13.42
8746,15.17
8747,16.71
8748,17.92
8749,19.02
8750,19.49
8751,19.41
8752,19.27
8753,19.17
8754,18.7
8755,18.11
8756,19.16
8757,19.14
8758,19.02
8759,18.74
