group,run_id,case_id,year,pue,load_multiplier,reactor_scenario,bess_applied,carbon_price_usd_per_tco2,wacc_effective,crf_effective,smr_capex_usd_per_kWe,absorption_capex_usd_per_kWth,smr_capex_tag,absorption_capex_tag,tac_usd_per_yr,tac_case0_baseline_usd_per_yr,heat_recovery_premium,lcoe_usd_per_mwh_e,lcoc_usd_per_mwh_c,co2_annual_tonnes,co2_per_mwh_kg,epbt_years,water_total_l_per_mwh_e,water_direct_site_l_per_mwh_e,water_indirect_generation_l_per_mwh_e,water_scarcity_m3_world_eq_per_mwh_e,solve_seconds,it_energy_annual_MWh,cool_energy_annual_MWh,capex_annual_usd,fom_annual_usd,vom_annual_usd,carbon_annual_usd,grid_annual_usd,fuel_annual_usd,co2_direct_annual_tonnes,co2_lifecycle_annual_tonnes,ngcc_capacity_MWe,delivered_fuel_usd_per_mmbtu,co2_rx_lifecycle_tonnes,co2_grid_import_tonnes,co2_export_credit_tonnes,ptc_annual_usd,Q_abs_cool_annual_MWh,Q_to_abs_annual_MWh,P_grid_buy_annual_MWh,P_grid_sell_annual_MWh,co2_case0_baseline_tonnes
s2_price,case0_year2022,0,2022,1.35,1.0,,False,0.0,0.067,0.0922,,,,,85125488.37185383,85125488.37185383,0.0,102.60193441817658,26.10239607284408,381238.4365264991,459.50750838938404,,1961.7315118012368,111.11111111111111,1850.6204006901257,1.275125482670804,0.055,829667.48,921852.7555555555,3340174.358569824,1280000.0,460926.3777777777,0.0,80044387.63550623,0.0,,,,,,,,,,,,,381238.4365264991
s2_price,case0_year2023,0,2023,1.35,1.0,,False,0.0,0.067,0.0922,,,,,75869050.00119022,75869050.00119022,0.0,91.44512931999,24.133880223726717,362584.6742873656,437.02408859916454,,1963.973712271822,111.11111111111113,1852.862601160711,1.2765829129766844,0.054,829667.48,921852.7555555556,3340174.358569824,1280000.0,460926.3777777778,0.0,70787949.26484261,0.0,,,,,,,,,,,,,362584.6742873656
main_baseline,case0,0,2023,1.35,1.0,,False,0.0,0.067,0.0922,,,,,75869050.00119022,75869050.00119022,0.0,91.44512931999,24.133880223726717,362584.6742873656,437.02408859916454,,1963.973712271822,111.11111111111113,1852.862601160711,1.2765829129766844,0.056,829667.48,921852.7555555556,3340174.358569824,1280000.0,460926.3777777778,0.0,70787949.26484261,0.0,,,,,,,,,,,,,362584.6742873656
s2_price,case3_year2022,3,2022,1.35,1.0,,False,0.0,0.067,0.0922,,,,,86979238.17349729,85125488.37185383,-0.021776671559823803,104.8362630454038,,485361.8154268101,585.0076411658441,0.18496813898322362,1127.6490776873775,111.11111111111111,1016.5379665762664,0.7329719004967954,0.055,829667.48,921852.7555555555,24133828.269307002,7140000.0,3326284.719562631,0.0,0.0,52379125.18462765,416024.4132229801,485361.8154268101,200.0,6.5255616438356165,,,,,,,,,381238.4365264991
main_baseline,case3,3,2023,1.35,1.0,,False,0.0,0.067,0.0922,,,,,55576822.08038327,75869050.00119022,0.2674638461993211,66.98686331587116,,485855.05842715554,585.6021480161613,0.18474430390337926,1128.8807089317834,111.11111111111113,1017.7695978206723,0.7337724608056593,0.055,829667.48,921852.7555555556,24133828.269307002,7140000.0,3329756.3703776496,0.0,0.0,20973237.440698616,416447.1929375619,485855.05842715554,200.0,2.633095890410959,,,,,,,,,362584.6742873656
s2_price,case0_year2024,0,2024,1.35,1.0,,False,0.0,0.067,0.0922,,,,,36455674.63481261,36455674.63481261,0.0,43.940103130006506,13.543738251439411,349827.061267586,421.6473101580238,,1964.8976123638815,111.11111111111113,1853.7865012527704,1.277183448036523,0.037,829667.48,921852.7555555556,3340174.358569824,1280000.0,460926.3777777778,0.0,31374573.898465004,0.0,,,,,,,,,,,,,349827.061267586
s2_price,case3_year2023,3,2023,1.35,1.0,,False,0.0,0.067,0.0922,,,,,55576822.08038327,75869050.00119022,0.2674638461993211,66.98686331587116,,485855.05842715554,585.6021480161613,0.18474430390337926,1128.8807089317834,111.11111111111113,1017.7695978206723,0.7337724608056593,0.036,829667.48,921852.7555555556,24133828.269307002,7140000.0,3329756.3703776496,0.0,0.0,20973237.440698616,416447.1929375619,485855.05842715554,200.0,2.633095890410959,,,,,,,,,362584.6742873656
s3_battery,case0_bess_off,0,2023,1.35,1.0,,False,0.0,0.067,0.0922,,,,,75869050.00119022,75869050.00119022,0.0,91.44512931999,24.133880223726717,362584.6742873656,437.02408859916454,,1963.973712271822,111.11111111111113,1852.862601160711,1.2765829129766844,0.037,829667.48,921852.7555555556,3340174.358569824,1280000.0,460926.3777777778,0.0,70787949.26484261,0.0,,,,,,,,,,,,,362584.6742873656
s2_price,case3_year2024,3,2024,1.35,1.0,,False,0.0,0.067,0.0922,,,,,53499739.44585373,36455674.63481261,-0.4675284432883664,64.48335114430873,,486054.62322844245,585.8426839008351,0.1846522300430569,1129.3882033485486,111.11111111111113,1018.2770922374374,0.7341023321765565,0.038,829667.48,921852.7555555556,24133828.269307002,7140000.0,3331186.8662452903,0.0,0.0,18894724.310301438,416618.24848152214,486054.62322844245,200.0,2.346164383561644,,,,,,,,,349827.061267586
s3_battery,case0_bess_on,0,2023,1.35,1.0,,False,0.0,0.067,0.0922,,,,,75869050.00119022,75869050.00119022,0.0,91.44512931999,24.133880223726717,362584.6742873656,437.02408859916454,,1963.973712271822,111.11111111111113,1852.862601160711,1.2765829129766844,0.037,829667.48,921852.7555555556,3340174.358569824,1280000.0,460926.3777777778,0.0,70787949.26484261,0.0,,,,,,,,,,,,,362584.6742873656
s1_pue,case1_pue110,1,2023,1.1,1.0,ATB_Mid,False,0.0,0.067,0.0922,,,,,101141142.59465753,75869050.00119022,-0.3331014767295867,121.90563693620669,,-404192.98267586745,-487.1746722866219,0.5583906813630124,6894.272514705172,111.11111111111113,6783.161403594061,4.481277134558362,8.675,829667.48,921852.7555555556,152219433.19682938,33950000.0,8076562.064282004,-0.0,-71998488.39237732,21759300.0,,,,,26110.750925160002,20306.78172763201,450610.51532865944,-42865664.27407654,0.0,0.0,71121.7011696808,1344500.4669862974,362584.6742873656
main_baseline,case1,1,2023,1.35,1.0,ATB_Mid,False,0.0,0.067,0.0922,,,,,113370159.47922154,75869050.00119022,-0.4942873210807703,136.64529731745245,,-343631.50826446357,-414.17979678372296,0.5583906813630124,6917.708903509777,111.11111111111113,6806.597792398666,4.4965107872813554,8.855,829667.48,921852.7555555556,152219433.19682938,33950000.0,8076562.064282004,-0.0,-59769471.507813305,21759300.0,,,,,26110.750925160002,24207.41317929641,393949.67236891994,-42865664.27407654,0.0,0.0,84814.94739490368,1178093.1534329941,362584.6742873656
s1_pue,case1_pue130,1,2023,1.3,1.0,ATB_Mid,False,0.0,0.067,0.0922,,,,,111034279.85014097,75869050.00119022,-0.46349901374011004,133.8298565711422,,-355199.430342295,-428.1226381710116,0.5583906813630123,6913.232289917904,111.11111111111113,6802.121178806793,4.493600988446638,8.866,829667.48,921852.7555555556,152219433.19682938,33950000.0,8076562.064282004,-0.0,-62105351.13689388,21759300.0,,,,,26110.750925160006,23462.348744711664,404772.53001216665,-42865664.27407654,0.0,0.0,82199.38350919678,1209878.8200645924,362584.6742873656
s2_price,case1_year2024,1,2024,1.35,1.0,ATB_Mid,False,0.0,0.067,0.0922,,,,,141512843.0856877,36455674.63481261,-2.8817782006029007,170.56573446230254,,-328830.75240074616,-396.34041387369575,0.5583906813630124,6925.104035560105,111.11111111111113,6813.992924448994,4.501317623114068,8.705,829667.48,921852.7555555556,152219433.19682938,33950000.0,8076562.064282002,-0.0,-31626787.901347153,21759300.0,,,,,26110.750925160002,24586.040261778453,379527.54358768463,-42865664.27407654,0.0,0.0,89135.72244593427,1181873.6982807731,349827.061267586
s1_pue,case1_pue150,1,2023,1.5,1.0,ATB_Mid,False,0.0,0.067,0.0922,,,,,120927417.10272114,75869050.00119022,-0.5938965507123664,145.75407620257835,,-306205.87801262643,-369.07060406010663,0.5583906813630124,6932.192065130546,111.11111111111113,6821.080954019435,4.5059248423348555,8.883,829667.48,921852.7555555556,152219433.19682938,33950000.0,8076562.064282004,-0.0,-52212213.884313695,21759300.0,,,,,26110.750925160002,26617.91576177649,358934.5446995629,-42865664.27407654,0.0,0.0,93277.0658486613,1075257.1731542246,362584.6742873656
s2_price,case1_year2023,1,2023,1.35,1.0,ATB_Mid,False,0.0,0.067,0.0922,,,,,113370159.47922154,75869050.00119022,-0.4942873210807703,136.64529731745245,,-343631.50826446357,-414.17979678372296,0.5583906813630124,6917.708903509777,111.11111111111113,6806.597792398666,4.4965107872813554,8.918,829667.48,921852.7555555556,152219433.19682938,33950000.0,8076562.064282004,-0.0,-59769471.507813305,21759300.0,,,,,26110.750925160002,24207.41317929641,393949.67236891994,-42865664.27407654,0.0,0.0,84814.94739490368,1178093.1534329941,362584.6742873656
s2_price,case1_year2022,1,2022,1.35,1.0,ATB_Mid,False,0.0,0.067,0.0922,,,,,96950769.67084049,85125488.37185383,-0.1389158702659098,116.85497142884338,,-367607.7714276801,-443.0784383976097,0.5583906813630124,6916.867112558221,111.11111111111111,6805.75600144711,4.495963623162844,8.958,829667.48,921852.7555555555,152219433.19682938,33950000.0,8076562.064282006,-0.0,-76188861.31619434,21759300.0,,,,,26110.750925160002,24117.592728112522,417836.1150809526,-42865664.27407654,0.0,0.0,84323.11177697091,1178911.9048788247,381238.4365264991
s3_battery,case3_bess_on,3,2023,1.35,1.0,,False,0.0,0.067,0.0922,,,,,55576822.08038327,75869050.00119022,0.2674638461993211,66.98686331587116,,485855.05842715554,585.6021480161613,0.18474430390337926,1128.8807089317834,111.11111111111113,1017.7695978206723,0.7337724608056593,0.036,829667.48,921852.7555555556,24133828.269307002,7140000.0,3329756.3703776496,0.0,0.0,20973237.440698616,416447.1929375619,485855.05842715554,200.0,2.633095890410959,,,,,,,,,362584.6742873656
s3_battery,case3_bess_off,3,2023,1.35,1.0,,False,0.0,0.067,0.0922,,,,,55576822.08038327,75869050.00119022,0.2674638461993211,66.98686331587116,,485855.05842715554,585.6021480161613,0.18474430390337926,1128.8807089317834,111.11111111111113,1017.7695978206723,0.7337724608056593,0.038,829667.48,921852.7555555556,24133828.269307002,7140000.0,3329756.3703776496,0.0,0.0,20973237.440698616,416447.1929375619,485855.05842715554,200.0,2.633095890410959,,,,,,,,,362584.6742873656
s3_battery,case1_bess_off,1,2023,1.35,1.0,ATB_Mid,False,0.0,0.067,0.0922,,,,,113370159.47922154,75869050.00119022,-0.4942873210807703,136.64529731745245,,-343631.50826446357,-414.17979678372296,0.5583906813630124,6917.708903509777,111.11111111111113,6806.597792398666,4.4965107872813554,8.791,829667.48,921852.7555555556,152219433.19682938,33950000.0,8076562.064282004,-0.0,-59769471.507813305,21759300.0,,,,,26110.750925160002,24207.41317929641,393949.67236891994,-42865664.27407654,0.0,0.0,84814.94739490368,1178093.1534329941,362584.6742873656
s3_battery,case1_bess_on,1,2023,1.35,1.0,ATB_Mid,True,0.0,0.067,0.0922,,,,,114125586.7692769,75869050.00119022,-0.5042443099984318,137.55581545666573,,-344025.4091809084,-414.6545664064215,0.5583906813630124,6919.332898097883,111.11111111111113,6808.221786986772,4.497566383763624,12.903,829667.48,921852.7555555556,157810285.62424222,35275000.0,8127576.482495771,-0.0,-65980911.06338457,21759300.0,,,,,26110.750925160002,24187.46352491454,394323.62363098294,-42865664.27407654,0.0,0.0,85763.80337902167,1170750.9767126942,362584.6742873656
s1_pue,case2_pue150,2,2023,1.5,1.0,ATB_Mid,False,0.0,0.067,0.0922,,,,,123280686.45836031,75869050.00119022,-0.6249140651744858,148.59047682375152,,-366535.7355178656,-441.78631120731126,0.5915432620578801,6638.948044117278,191.2019930137899,6447.746051103488,4.315316228676231,14.087,829667.48,921852.7555555556,162239956.27253884,37150000.0,7569690.907357501,-0.0,-64974969.16478386,21759300.0,,,,,24647.39425697897,26617.91576177649,417801.0455366211,-40463291.55675217,800587.9537249772,677479.9389725394,93277.0658486613,1245282.1948678575,362584.6742873656
s2_price,case2_year2022,2,2022,1.35,1.0,ATB_Mid,False,0.0,0.067,0.0922,,,,,106185342.32236822,85125488.37185383,-0.24739774600197995,127.98542172867644,,-392604.58040242887,-473.20714607547217,0.5863363856599089,6667.078689348594,178.81702144896246,6488.261667899631,4.3336011480765855,14.32,829667.48,921852.7555555555,162239956.27253884,37150000.0,7645910.234357034,-0.0,-81787204.1553428,21759300.0,,,,,24866.271915890953,24117.592728112522,441588.4450464324,-40822620.02918486,676787.8555555554,576147.6894765898,84323.11177697091,1243945.5499250658,381238.4365264991
main_baseline,case2,2,2023,1.35,1.0,ATB_Mid,False,0.0,0.067,0.0922,,,,,122594195.72701055,75869050.00119022,-0.6158657018255445,147.76304806717332,,-359613.1867216097,-433.4425482382528,0.5727502841696037,6785.866475226896,146.2796068527759,6639.58686837412,4.4108132088974825,14.542,829667.48,921852.7555555556,162239956.27253884,37150000.0,7850473.656540276,-0.0,-64614568.50087627,21759300.0,,,,,25456.120063106853,24207.41317929641,409276.7199640129,-41790965.70119229,351544.0631009371,303069.84354304953,84814.94739490368,1220247.2747023685,362584.6742873656
s2_price,case2_year2023,2,2023,1.35,1.0,ATB_Mid,False,0.0,0.067,0.0922,,,,,122594195.72701055,75869050.00119022,-0.6158657018255445,147.76304806717332,,-359613.1867216097,-433.4425482382528,0.5727502841696037,6785.866475226896,146.2796068527759,6639.58686837412,4.4108132088974825,14.42,829667.48,921852.7555555556,162239956.27253884,37150000.0,7850473.656540276,-0.0,-64614568.50087627,21759300.0,,,,,25456.120063106853,24207.41317929641,409276.7199640129,-41790965.70119229,351544.0631009371,303069.84354304953,84814.94739490368,1220247.2747023685,362584.6742873656
s2_price,case2_year2024,2,2024,1.35,1.0,ATB_Mid,False,0.0,0.067,0.0922,,,,,153883300.30566886,36455674.63481261,-3.2211069153750103,185.4758731843616,,-341811.39214301266,-411.9860069036485,0.5695691041426699,6822.010405424003,138.75549173828853,6683.254913685714,4.434306763525602,14.725,829667.48,921852.7555555556,162239956.27253884,37150000.0,7899463.496618437,-0.0,-33141041.19755527,21759300.0,,,,,25598.298597930785,24586.040261778453,391995.7310027218,-42024378.26593315,276333.05555555556,237246.44779130313,89135.72244593427,1216857.5458373711,349827.061267586
s1_pue,case2_pue130,2,2023,1.3,1.0,ATB_Mid,False,0.0,0.067,0.0922,,,,,122068938.58583719,75869050.00119022,-0.6089424947843975,147.12995450398657,,-361981.5776549055,-436.2971749295338,0.5662893362809029,6839.643530898907,130.43664406523894,6709.206886833667,4.44576829508429,15.357,829667.48,921852.7555555556,162239956.27253884,37150000.0,7951020.697794368,-0.0,-64763568.27553093,21759300.0,,,,,25746.55580794429,23462.348744711664,411190.48220756144,-42267770.1089651,193177.90633383355,168608.85056296503,82199.38350919678,1226919.353775644,362584.6742873656
s1_pue,case2_pue110,2,2023,1.1,1.0,ATB_Mid,False,0.0,0.067,0.0922,,,,,114361665.70372762,75869050.00119022,-0.5073559732451315,137.84036190466043,,-404192.98256481765,-487.1746721527734,0.5583906813630124,6894.272514705172,111.11111111111113,6783.161403594061,4.481277134558362,16.721,829667.48,921852.7555555556,162239956.27253884,37150000.0,8076562.064282004,-0.0,-71998488.35901669,21759300.0,,,,,26110.750925160002,20306.78172763201,450610.5152176097,-42865664.27407654,0.0,0.0,71121.7011696808,1344500.4666585727,362584.6742873656
s4_capex,case1_FOAK,1,2023,1.35,1.0,FOAK,False,0.0,0.067,0.0922,,,,,251887500.10549456,75869050.00119022,-2.320029710422669,303.6005462158099,,-343631.50826446357,-414.17979678372296,0.5583906813630124,6917.708903509777,111.11111111111113,6806.597792398666,4.4965107872813554,9.599,829667.48,921852.7555555556,290736773.82310236,33950000.0,8076562.064282004,-0.0,-59769471.507813305,21759300.0,,,,,26110.750925160002,24207.41317929641,393949.67236891994,-42865664.27407654,0.0,0.0,84814.94739490368,1178093.1534329941,362584.6742873656
s4_capex,case1_NOAK,1,2023,1.35,1.0,NOAK,False,0.0,0.067,0.0922,,,,,8480176.06920676,75869050.00119022,0.8882261466424883,10.221174474871258,,-343631.50826446357,-414.17979678372296,0.5583906813630124,6917.708903509777,111.11111111111113,6806.597792398666,4.4965107872813554,9.739,829667.48,921852.7555555556,47329449.7868146,33950000.0,8076562.064282004,-0.0,-59769471.507813305,21759300.0,,,,,26110.750925160002,24207.41317929641,393949.67236891994,-42865664.27407654,0.0,0.0,84814.94739490368,1178093.1534329941,362584.6742873656
s4_capex,case1_ATB_Mid,1,2023,1.35,1.0,ATB_Mid,False,0.0,0.067,0.0922,,,,,113370159.47922154,75869050.00119022,-0.4942873210807703,136.64529731745245,,-343631.50826446357,-414.17979678372296,0.5583906813630124,6917.708903509777,111.11111111111113,6806.597792398666,4.4965107872813554,10.364,829667.48,921852.7555555556,152219433.19682938,33950000.0,8076562.064282004,-0.0,-59769471.507813305,21759300.0,,,,,26110.750925160002,24207.41317929641,393949.67236891994,-42865664.27407654,0.0,0.0,84814.94739490368,1178093.1534329941,362584.6742873656
s3_battery,case2_bess_off,2,2023,1.35,1.0,ATB_Mid,False,0.0,0.067,0.0922,,,,,122594195.72701055,75869050.00119022,-0.6158657018255445,147.76304806717332,,-359613.1867216097,-433.4425482382528,0.5727502841696037,6785.866475226896,146.2796068527759,6639.58686837412,4.4108132088974825,15.021,829667.48,921852.7555555556,162239956.27253884,37150000.0,7850473.656540276,-0.0,-64614568.50087627,21759300.0,,,,,25456.120063106853,24207.41317929641,409276.7199640129,-41790965.70119229,351544.0631009371,303069.84354304953,84814.94739490368,1220247.2747023685,362584.6742873656
s4_capex,case2_FOAK,2,2023,1.35,1.0,FOAK,False,0.0,0.067,0.0922,,,,,261111536.35328355,75869050.00119022,-2.441608091167443,314.7182969655308,,-359613.1867216097,-433.4425482382528,0.5727502841696037,6785.866475226896,146.2796068527759,6639.58686837412,4.4108132088974825,15.392,829667.48,921852.7555555556,300757296.8988118,37150000.0,7850473.656540276,-0.0,-64614568.50087627,21759300.0,,,,,25456.120063106853,24207.41317929641,409276.7199640129,-41790965.70119229,351544.0631009371,303069.84354304953,84814.94739490368,1220247.2747023685,362584.6742873656
s4_capex,case2_NOAK,2,2023,1.35,1.0,NOAK,False,0.0,0.067,0.0922,,,,,17704212.316995777,75869050.00119022,0.7666477658977141,21.33892522459212,,-359613.1867216097,-433.4425482382528,0.5727502841696037,6785.866475226896,146.2796068527759,6639.58686837412,4.4108132088974825,15.283,829667.48,921852.7555555556,57349972.86252407,37150000.0,7850473.656540276,-0.0,-64614568.50087627,21759300.0,,,,,25456.120063106853,24207.41317929641,409276.7199640129,-41790965.70119229,351544.0631009371,303069.84354304953,84814.94739490368,1220247.2747023685,362584.6742873656
s3_battery,case2_bess_on,2,2023,1.35,1.0,ATB_Mid,True,0.0,0.067,0.0922,,,,,123355973.89947352,75869050.00119022,-0.6259063992173137,148.68122093862655,,-359995.93292915163,-433.90387306629356,0.5727252505885999,6787.719079905326,146.2243484046832,6641.494731500643,4.412017401938462,16.179,829667.48,921852.7555555556,167830808.69995168,38475000.0,7901867.84166737,-0.0,-70818210.27533302,21759300.0,,,,,25457.232739460807,24187.46352491454,409640.629193527,-41792792.36681252,350991.7,302554.7156014069,85763.80337902167,1212884.6254210589,362584.6742873656
s4_capex,case2_ATB_Mid,2,2023,1.35,1.0,ATB_Mid,False,0.0,0.067,0.0922,,,,,122594195.72701055,75869050.00119022,-0.6158657018255445,147.76304806717332,,-359613.1867216097,-433.4425482382528,0.5727502841696037,6785.866475226896,146.2796068527759,6639.58686837412,4.4108132088974825,16.181,829667.48,921852.7555555556,162239956.27253884,37150000.0,7850473.656540276,-0.0,-64614568.50087627,21759300.0,,,,,25456.120063106853,24207.41317929641,409276.7199640129,-41790965.70119229,351544.0631009371,303069.84354304953,84814.94739490368,1220247.2747023685,362584.6742873656
s5_feasibility_2d,case2_smr_NOAK_abs_Mid_Low,2,2023,1.35,1.0,,False,0.0,0.067,0.0922,2250.0,600.0,NOAK,Mid_Low,15700107.701853894,75869050.00119022,0.7930630777424049,18.9233736169265,,-359613.1867216097,-433.4425482382528,0.5727502841696037,6785.866475226896,146.2796068527759,6639.58686837412,4.4108132088974825,14.781,829667.48,921852.7555555556,55345868.24738218,37150000.0,7850473.656540276,-0.0,-64614568.50087627,21759300.0,,,,,25456.120063106853,24207.41317929641,409276.7199640129,-41790965.70119229,351544.0631009371,303069.84354304953,84814.94739490368,1220247.2747023685,362584.6742873656
s5_feasibility_2d,case2_smr_NOAK_abs_Baseline,2,2023,1.35,1.0,,False,0.0,0.067,0.0922,2250.0,750.0,NOAK,Baseline,17704212.316995777,75869050.00119022,0.7666477658977141,21.33892522459212,,-359613.1867216097,-433.4425482382528,0.5727502841696037,6785.866475226896,146.2796068527759,6639.58686837412,4.4108132088974825,15.068,829667.48,921852.7555555556,57349972.86252407,37150000.0,7850473.656540276,-0.0,-64614568.50087627,21759300.0,,,,,25456.120063106853,24207.41317929641,409276.7199640129,-41790965.70119229,351544.0631009371,303069.84354304953,84814.94739490368,1220247.2747023685,362584.6742873656
s5_feasibility_2d,case2_smr_NOAK_abs_Bare_Low,2,2023,1.35,1.0,,False,0.0,0.067,0.0922,2250.0,450.0,NOAK,Bare_Low,13696003.086711995,75869050.00119022,0.819478389587096,16.507822009260863,,-359613.1867216097,-433.4425482382528,0.5727502841696037,6785.866475226896,146.2796068527759,6639.58686837412,4.4108132088974825,15.973,829667.48,921852.7555555556,53341763.63224028,37150000.0,7850473.656540276,-0.0,-64614568.50087627,21759300.0,,,,,25456.120063106853,24207.41317929641,409276.7199640129,-41790965.70119229,351544.0631009371,303069.84354304953,84814.94739490368,1220247.2747023685,362584.6742873656
s5_feasibility_2d,case2_smr_NOAK_abs_Mid_High,2,2023,1.35,1.0,,False,0.0,0.067,0.0922,2250.0,900.0,NOAK,Mid_High,19708316.932137676,75869050.00119022,0.740232454053023,23.754476832257758,,-359613.1867216097,-433.4425482382528,0.5727502841696037,6785.866475226896,146.2796068527759,6639.58686837412,4.4108132088974825,15.22,829667.48,921852.7555555556,59354077.47766597,37150000.0,7850473.656540276,-0.0,-64614568.50087627,21759300.0,,,,,25456.120063106853,24207.41317929641,409276.7199640129,-41790965.70119229,351544.0631009371,303069.84354304953,84814.94739490368,1220247.2747023685,362584.6742873656
s5_feasibility_2d,case2_smr_NOAK_abs_Turnkey_High,2,2023,1.35,1.0,,False,0.0,0.067,0.0922,2250.0,1200.0,NOAK,Turnkey_High,23716526.162421472,75869050.00119022,0.6874018303636409,28.585580047589033,,-359613.1867216097,-433.4425482382528,0.5727502841696037,6785.866475226896,146.2796068527759,6639.58686837412,4.4108132088974825,15.54,829667.48,921852.7555555556,63362286.70794976,37150000.0,7850473.656540276,-0.0,-64614568.50087627,21759300.0,,,,,25456.120063106853,24207.41317929641,409276.7199640129,-41790965.70119229,351544.0631009371,303069.84354304953,84814.94739490368,1220247.2747023685,362584.6742873656
s5_feasibility_2d,case2_smr_Low_Mid_abs_Mid_Low,2,2023,1.35,1.0,,False,0.0,0.067,0.0922,5000.0,600.0,Low_Mid,Mid_Low,69464777.66970861,75869050.00119022,0.08441218561957922,83.72604608982458,,-359613.1867216097,-433.4425482382528,0.5727502841696037,6785.866475226896,146.2796068527759,6639.58686837412,4.4108132088974825,14.927,829667.48,921852.7555555556,109110538.21523692,37150000.0,7850473.656540276,-0.0,-64614568.50087627,21759300.0,,,,,25456.120063106853,24207.41317929641,409276.7199640129,-41790965.70119229,351544.0631009371,303069.84354304953,84814.94739490368,1220247.2747023685,362584.6742873656
s5_feasibility_2d,case2_smr_Low_Mid_abs_Bare_Low,2,2023,1.35,1.0,,False,0.0,0.067,0.0922,5000.0,450.0,Low_Mid,Bare_Low,67460673.05456674,75869050.00119022,0.1108274974642699,81.31049448215897,,-359613.1867216097,-433.4425482382528,0.5727502841696037,6785.866475226896,146.2796068527759,6639.58686837412,4.4108132088974825,15.718,829667.48,921852.7555555556,107106433.60009502,37150000.0,7850473.656540276,-0.0,-64614568.50087627,21759300.0,,,,,25456.120063106853,24207.41317929641,409276.7199640129,-41790965.70119229,351544.0631009371,303069.84354304953,84814.94739490368,1220247.2747023685,362584.6742873656
s5_feasibility_2d,case2_smr_Low_Mid_abs_Baseline,2,2023,1.35,1.0,,False,0.0,0.067,0.0922,5000.0,750.0,Low_Mid,Baseline,71468882.28485054,75869050.00119022,0.05799687377488777,86.14159769749025,,-359613.1867216097,-433.4425482382528,0.5727502841696037,6785.866475226896,146.2796068527759,6639.58686837412,4.4108132088974825,15.569,829667.48,921852.7555555556,111114642.83037882,37150000.0,7850473.656540276,-0.0,-64614568.50087627,21759300.0,,,,,25456.120063106853,24207.41317929641,409276.7199640129,-41790965.70119229,351544.0631009371,303069.84354304953,84814.94739490368,1220247.2747023685,362584.6742873656
s5_feasibility_2d,case2_smr_Low_Mid_abs_Mid_High,2,2023,1.35,1.0,,False,0.0,0.067,0.0922,5000.0,900.0,Low_Mid,Mid_High,73472986.8999924,75869050.00119022,0.0315815619301971,88.55714930515586,,-359613.1867216097,-433.4425482382528,0.5727502841696037,6785.866475226896,146.2796068527759,6639.58686837412,4.4108132088974825,15.102,829667.48,921852.7555555556,113118747.4455207,37150000.0,7850473.656540276,-0.0,-64614568.50087627,21759300.0,,,,,25456.120063106853,24207.41317929641,409276.7199640129,-41790965.70119229,351544.0631009371,303069.84354304953,84814.94739490368,1220247.2747023685,362584.6742873656
s5_feasibility_2d,case2_smr_Low_Mid_abs_Turnkey_High,2,2023,1.35,1.0,,False,0.0,0.067,0.0922,5000.0,1200.0,Low_Mid,Turnkey_High,77481196.1302762,75869050.00119022,-0.021249061759185027,93.38825252048713,,-359613.1867216097,-433.4425482382528,0.5727502841696037,6785.866475226896,146.2796068527759,6639.58686837412,4.4108132088974825,15.637,829667.48,921852.7555555556,117126956.6758045,37150000.0,7850473.656540276,-0.0,-64614568.50087627,21759300.0,,,,,25456.120063106853,24207.41317929641,409276.7199640129,-41790965.70119229,351544.0631009371,303069.84354304953,84814.94739490368,1220247.2747023685,362584.6742873656
s6_carbon_price,case0_co2_0,0,2023,1.35,1.0,,False,0.0,0.067,0.0922,,,,,75869050.00119022,75869050.00119022,0.0,91.44512931999,24.133880223726717,362584.6742873656,437.02408859916454,,1963.973712271822,111.11111111111113,1852.862601160711,1.2765829129766844,0.035,829667.48,921852.7555555556,3340174.358569824,1280000.0,460926.3777777778,0.0,70787949.26484261,0.0,,,,,,,,,,,,,362584.6742873656
s5_feasibility_2d,case2_smr_ATB_Mid_abs_Bare_Low,2,2023,1.35,1.0,,False,0.0,0.067,0.0922,7615.0,450.0,ATB_Mid,Bare_Low,118585986.49672678,75869050.00119022,-0.5630350781361627,142.93194485184208,,-359613.1867216097,-433.4425482382528,0.5727502841696037,6785.866475226896,146.2796068527759,6639.58686837412,4.4108132088974825,15.507,829667.48,921852.7555555556,158231747.04225507,37150000.0,7850473.656540276,-0.0,-64614568.50087627,21759300.0,,,,,25456.120063106853,24207.41317929641,409276.7199640129,-41790965.70119229,351544.0631009371,303069.84354304953,84814.94739490368,1220247.2747023685,362584.6742873656
s5_feasibility_2d,case2_smr_ATB_Mid_abs_Mid_Low,2,2023,1.35,1.0,,False,0.0,0.067,0.0922,7615.0,600.0,ATB_Mid,Mid_Low,120590091.11186865,75869050.00119022,-0.5894503899808533,145.34749645950768,,-359613.1867216097,-433.4425482382528,0.5727502841696037,6785.866475226896,146.2796068527759,6639.58686837412,4.4108132088974825,15.039,829667.48,921852.7555555556,160235851.65739694,37150000.0,7850473.656540276,-0.0,-64614568.50087627,21759300.0,,,,,25456.120063106853,24207.41317929641,409276.7199640129,-41790965.70119229,351544.0631009371,303069.84354304953,84814.94739490368,1220247.2747023685,362584.6742873656
s6_carbon_price,case3_co2_0,3,2023,1.35,1.0,,False,0.0,0.067,0.0922,,,,,55576822.08038327,75869050.00119022,0.2674638461993211,66.98686331587116,,485855.05842715554,585.6021480161613,0.18474430390337926,1128.8807089317834,111.11111111111113,1017.7695978206723,0.7337724608056593,0.035,829667.48,921852.7555555556,24133828.269307002,7140000.0,3329756.3703776496,0.0,0.0,20973237.440698616,416447.1929375619,485855.05842715554,200.0,2.633095890410959,,,,,,,,,362584.6742873656
s6_carbon_price,case0_co2_50,0,2023,1.35,1.0,,False,50.0,0.067,0.0922,,,,,93998283.7155585,93998283.7155585,0.0,113.29633374994823,24.133880223726717,362584.6742873656,437.02408859916454,,1963.973712271822,111.11111111111113,1852.862601160711,1.2765829129766844,0.033,829667.48,921852.7555555556,3340174.358569824,1280000.0,460926.3777777778,18129233.71436828,70787949.26484261,0.0,,,,,,,,,,,,,362584.6742873656
s5_feasibility_2d,case2_smr_ATB_Mid_abs_Baseline,2,2023,1.35,1.0,,False,0.0,0.067,0.0922,7615.0,750.0,ATB_Mid,Baseline,122594195.72701055,75869050.00119022,-0.6158657018255445,147.76304806717332,,-359613.1867216097,-433.4425482382528,0.5727502841696037,6785.866475226896,146.2796068527759,6639.58686837412,4.4108132088974825,15.718,829667.48,921852.7555555556,162239956.27253884,37150000.0,7850473.656540276,-0.0,-64614568.50087627,21759300.0,,,,,25456.120063106853,24207.41317929641,409276.7199640129,-41790965.70119229,351544.0631009371,303069.84354304953,84814.94739490368,1220247.2747023685,362584.6742873656
s5_feasibility_2d,case2_smr_ATB_Mid_abs_Mid_High,2,2023,1.35,1.0,,False,0.0,0.067,0.0922,7615.0,900.0,ATB_Mid,Mid_High,124598300.34215245,75869050.00119022,-0.6422810136702355,150.17859967483895,,-359613.1867216097,-433.4425482382528,0.5727502841696037,6785.866475226896,146.2796068527759,6639.58686837412,4.4108132088974825,15.657,829667.48,921852.7555555556,164244060.88768074,37150000.0,7850473.656540276,-0.0,-64614568.50087627,21759300.0,,,,,25456.120063106853,24207.41317929641,409276.7199640129,-41790965.70119229,351544.0631009371,303069.84354304953,84814.94739490368,1220247.2747023685,362584.6742873656
s6_carbon_price,case3_co2_50,3,2023,1.35,1.0,,False,50.0,0.067,0.0922,,,,,79869575.00174105,93998283.7155585,0.1503081562273129,96.26697071667924,,485855.05842715554,585.6021480161613,0.18474430390337926,1128.8807089317834,111.11111111111113,1017.7695978206723,0.7337724608056593,0.036,829667.48,921852.7555555556,24133828.269307002,7140000.0,3329756.3703776496,24292752.921357777,0.0,20973237.440698616,416447.1929375619,485855.05842715554,200.0,2.633095890410959,,,,,,,,,362584.6742873656
s6_carbon_price,case0_co2_100,0,2023,1.35,1.0,,False,100.0,0.067,0.0922,,,,,112127517.42992678,112127517.42992678,0.0,135.14753817990646,24.133880223726717,362584.6742873656,437.02408859916454,,1963.973712271822,111.11111111111113,1852.862601160711,1.2765829129766844,0.034,829667.48,921852.7555555556,3340174.358569824,1280000.0,460926.3777777778,36258467.42873656,70787949.26484261,0.0,,,,,,,,,,,,,362584.6742873656
s5_feasibility_2d,case2_smr_ATB_Mid_abs_Turnkey_High,2,2023,1.35,1.0,,False,0.0,0.067,0.0922,7615.0,1200.0,ATB_Mid,Turnkey_High,128606509.57243624,75869050.00119022,-0.6951116373596176,155.00970289017022,,-359613.1867216097,-433.4425482382528,0.5727502841696037,6785.866475226896,146.2796068527759,6639.58686837412,4.4108132088974825,15.504,829667.48,921852.7555555556,168252270.11796454,37150000.0,7850473.656540276,-0.0,-64614568.50087627,21759300.0,,,,,25456.120063106853,24207.41317929641,409276.7199640129,-41790965.70119229,351544.0631009371,303069.84354304953,84814.94739490368,1220247.2747023685,362584.6742873656
s5_feasibility_2d,case2_smr_High_Mid_abs_Bare_Low,2,2023,1.35,1.0,,False,0.0,0.067,0.0922,11000.0,450.0,High_Mid,Bare_Low,184765407.5298862,75869050.00119022,-1.435319903530987,222.69814351393669,,-359613.1867216097,-433.4425482382528,0.5727502841696037,6785.866475226896,146.2796068527759,6639.58686837412,4.4108132088974825,15.456,829667.48,921852.7555555556,224411168.07541445,37150000.0,7850473.656540276,-0.0,-64614568.50087627,21759300.0,,,,,25456.120063106853,24207.41317929641,409276.7199640129,-41790965.70119229,351544.0631009371,303069.84354304953,84814.94739490368,1220247.2747023685,362584.6742873656
s6_carbon_price,case3_co2_100,3,2023,1.35,1.0,,False,100.0,0.067,0.0922,,,,,104162327.92309883,112127517.42992678,0.07103688451682463,125.5470781174873,,485855.05842715554,585.6021480161613,0.18474430390337926,1128.8807089317834,111.11111111111113,1017.7695978206723,0.7337724608056593,0.035,829667.48,921852.7555555556,24133828.269307002,7140000.0,3329756.3703776496,48585505.842715554,0.0,20973237.440698616,416447.1929375619,485855.05842715554,200.0,2.633095890410959,,,,,,,,,362584.6742873656
s6_carbon_price,case1_co2_0,1,2023,1.35,1.0,ATB_Mid,False,0.0,0.067,0.0922,,,,,113370159.47922154,75869050.00119022,-0.4942873210807703,136.64529731745245,,-343631.50826446357,-414.17979678372296,0.5583906813630124,6917.708903509777,111.11111111111113,6806.597792398666,4.4965107872813554,9.529,829667.48,921852.7555555556,152219433.19682938,33950000.0,8076562.064282004,-0.0,-59769471.507813305,21759300.0,,,,,26110.750925160002,24207.41317929641,393949.67236891994,-42865664.27407654,0.0,0.0,84814.94739490368,1178093.1534329941,362584.6742873656
s5_feasibility_2d,case2_smr_High_Mid_abs_Mid_High,2,2023,1.35,1.0,,False,0.0,0.067,0.0922,11000.0,900.0,High_Mid,Mid_High,190777721.37531185,75869050.00119022,-1.5145658390650598,229.94479833693356,,-359613.1867216097,-433.4425482382528,0.5727502841696037,6785.866475226896,146.2796068527759,6639.58686837412,4.4108132088974825,14.87,829667.48,921852.7555555556,230423481.9208401,37150000.0,7850473.656540276,-0.0,-64614568.50087627,21759300.0,,,,,25456.120063106853,24207.41317929641,409276.7199640129,-41790965.70119229,351544.0631009371,303069.84354304953,84814.94739490368,1220247.2747023685,362584.6742873656
s5_feasibility_2d,case2_smr_High_Mid_abs_Mid_Low,2,2023,1.35,1.0,,False,0.0,0.067,0.0922,11000.0,600.0,High_Mid,Mid_Low,186769512.14502805,75869050.00119022,-1.4617352153756777,225.1136951216023,,-359613.1867216097,-433.4425482382528,0.5727502841696037,6785.866475226896,146.2796068527759,6639.58686837412,4.4108132088974825,15.769,829667.48,921852.7555555556,226415272.69055632,37150000.0,7850473.656540276,-0.0,-64614568.50087627,21759300.0,,,,,25456.120063106853,24207.41317929641,409276.7199640129,-41790965.70119229,351544.0631009371,303069.84354304953,84814.94739490368,1220247.2747023685,362584.6742873656
s8_size_matching,case0_load_x050,0,2023,1.35,0.5,,False,0.0,0.067,0.0922,,,,,37934525.00059511,37934525.00059511,0.0,91.44512931999,24.133880223726717,181292.3371436828,437.02408859916454,,1963.973712271822,111.11111111111113,1852.862601160711,1.2765829129766844,0.035,414833.74,460926.3777777778,1670087.179284912,640000.0,230463.1888888889,0.0,35393974.63242131,0.0,,,,,,,,,,,,,181292.3371436828
s5_feasibility_2d,case2_smr_High_Mid_abs_Baseline,2,2023,1.35,1.0,,False,0.0,0.067,0.0922,11000.0,750.0,High_Mid,Baseline,188773616.76016992,75869050.00119022,-1.4881505272203683,227.5292467292679,,-359613.1867216097,-433.4425482382528,0.5727502841696037,6785.866475226896,146.2796068527759,6639.58686837412,4.4108132088974825,15.743,829667.48,921852.7555555556,228419377.30569822,37150000.0,7850473.656540276,-0.0,-64614568.50087627,21759300.0,,,,,25456.120063106853,24207.41317929641,409276.7199640129,-41790965.70119229,351544.0631009371,303069.84354304953,84814.94739490368,1220247.2747023685,362584.6742873656
s5_feasibility_2d,case2_smr_FOAK_abs_Bare_Low,2,2023,1.35,1.0,,False,0.0,0.067,0.0922,14700.0,450.0,FOAK,Bare_Low,257103327.12299976,75869050.00119022,-2.388777467478061,309.8871937501995,,-359613.1867216097,-433.4425482382528,0.5727502841696037,6785.866475226896,146.2796068527759,6639.58686837412,4.4108132088974825,15.233,829667.48,921852.7555555556,296749087.668528,37150000.0,7850473.656540276,-0.0,-64614568.50087627,21759300.0,,,,,25456.120063106853,24207.41317929641,409276.7199640129,-41790965.70119229,351544.0631009371,303069.84354304953,84814.94739490368,1220247.2747023685,362584.6742873656
s5_feasibility_2d,case2_smr_High_Mid_abs_Turnkey_High,2,2023,1.35,1.0,,False,0.0,0.067,0.0922,11000.0,1200.0,High_Mid,Turnkey_High,194785930.6055956,75869050.00119022,-1.5673964627544412,234.77590155226477,,-359613.1867216097,-433.4425482382528,0.5727502841696037,6785.866475226896,146.2796068527759,6639.58686837412,4.4108132088974825,15.582,829667.48,921852.7555555556,234431691.1511239,37150000.0,7850473.656540276,-0.0,-64614568.50087627,21759300.0,,,,,25456.120063106853,24207.41317929641,409276.7199640129,-41790965.70119229,351544.0631009371,303069.84354304953,84814.94739490368,1220247.2747023685,362584.6742873656
s8_size_matching,case0_load_x100,0,2023,1.35,1.0,,False,0.0,0.067,0.0922,,,,,75869050.00119022,75869050.00119022,0.0,91.44512931999,24.133880223726717,362584.6742873656,437.02408859916454,,1963.973712271822,111.11111111111113,1852.862601160711,1.2765829129766844,0.035,829667.48,921852.7555555556,3340174.358569824,1280000.0,460926.3777777778,0.0,70787949.26484261,0.0,,,,,,,,,,,,,362584.6742873656
s8_size_matching,case3_load_x050,3,2023,1.35,0.5,,False,0.0,0.067,0.0922,,,,,27788411.040191635,37934525.00059511,0.2674638461993211,66.98686331587116,,242927.52921357777,585.6021480161613,0.18474430390337926,1128.8807089317834,111.11111111111113,1017.7695978206723,0.7337724608056593,0.037,414833.74,460926.3777777778,12066914.134653501,3570000.0,1664878.1851888248,0.0,0.0,10486618.720349308,208223.59646878095,242927.52921357777,100.0,2.633095890410959,,,,,,,,,181292.3371436828
s5_feasibility_2d,case2_smr_FOAK_abs_Mid_Low,2,2023,1.35,1.0,,False,0.0,0.067,0.0922,14700.0,600.0,FOAK,Mid_Low,259107431.7381417,75869050.00119022,-2.4151927793227523,312.30274535786515,,-359613.1867216097,-433.4425482382528,0.5727502841696037,6785.866475226896,146.2796068527759,6639.58686837412,4.4108132088974825,15.373,829667.48,921852.7555555556,298753192.28366995,37150000.0,7850473.656540276,-0.0,-64614568.50087627,21759300.0,,,,,25456.120063106853,24207.41317929641,409276.7199640129,-41790965.70119229,351544.0631009371,303069.84354304953,84814.94739490368,1220247.2747023685,362584.6742873656
s8_size_matching,case3_load_x100,3,2023,1.35,1.0,,False,0.0,0.067,0.0922,,,,,55576822.08038327,75869050.00119022,0.2674638461993211,66.98686331587116,,485855.05842715554,585.6021480161613,0.18474430390337926,1128.8807089317834,111.11111111111113,1017.7695978206723,0.7337724608056593,0.038,829667.48,921852.7555555556,24133828.269307002,7140000.0,3329756.3703776496,0.0,0.0,20973237.440698616,416447.1929375619,485855.05842715554,200.0,2.633095890410959,,,,,,,,,362584.6742873656
s8_size_matching,case0_load_x150,0,2023,1.35,1.5,,False,0.0,0.067,0.0922,,,,,113803575.00178531,113803575.00178531,0.0,91.44512931998999,24.133880223726717,543877.0114310483,437.0240885991645,,1963.9737122718223,111.1111111111111,1852.8626011607112,1.2765829129766844,0.035,1244501.22,1382779.133333333,5010261.537854736,1920000.0,691389.5666666665,0.0,106181923.8972639,0.0,,,,,,,,,,,,,543877.0114310483
s5_feasibility_2d,case2_smr_FOAK_abs_Baseline,2,2023,1.35,1.0,,False,0.0,0.067,0.0922,14700.0,750.0,FOAK,Baseline,261111536.35328355,75869050.00119022,-2.441608091167443,314.7182969655308,,-359613.1867216097,-433.4425482382528,0.5727502841696037,6785.866475226896,146.2796068527759,6639.58686837412,4.4108132088974825,15.925,829667.48,921852.7555555556,300757296.8988118,37150000.0,7850473.656540276,-0.0,-64614568.50087627,21759300.0,,,,,25456.120063106853,24207.41317929641,409276.7199640129,-41790965.70119229,351544.0631009371,303069.84354304953,84814.94739490368,1220247.2747023685,362584.6742873656
s5_feasibility_2d,case2_smr_FOAK_abs_Mid_High,2,2023,1.35,1.0,,False,0.0,0.067,0.0922,14700.0,900.0,FOAK,Mid_High,263115640.96842548,75869050.00119022,-2.4680234030121344,317.1338485731964,,-359613.1867216097,-433.4425482382528,0.5727502841696037,6785.866475226896,146.2796068527759,6639.58686837412,4.4108132088974825,15.123,829667.48,921852.7555555556,302761401.51395375,37150000.0,7850473.656540276,-0.0,-64614568.50087627,21759300.0,,,,,25456.120063106853,24207.41317929641,409276.7199640129,-41790965.70119229,351544.0631009371,303069.84354304953,84814.94739490368,1220247.2747023685,362584.6742873656
s8_size_matching,case3_load_x150,3,2023,1.35,1.5,,False,0.0,0.067,0.0922,,,,,83365233.1205749,113803575.00178531,0.267463846199321,66.98686331587116,,728782.5876407333,585.6021480161613,0.18474430390337923,1128.8807089317836,111.1111111111111,1017.7695978206724,0.7337724608056594,0.036,1244501.22,1382779.133333333,36200742.4039605,10710000.0,4994634.555566475,0.0,0.0,31459856.161047924,624670.7894063429,728782.5876407333,300.0,2.633095890410959,,,,,,,,,543877.0114310483
s8_size_matching,case0_load_x200,0,2023,1.35,2.0,,False,0.0,0.067,0.0922,,,,,151738100.00238043,151738100.00238043,0.0,91.44512931999,24.133880223726717,725169.3485747311,437.02408859916454,,1963.973712271822,111.11111111111113,1852.862601160711,1.2765829129766844,0.034,1659334.96,1843705.5111111111,6680348.717139648,2560000.0,921852.7555555556,0.0,141575898.52968523,0.0,,,,,,,,,,,,,725169.3485747311
s6_carbon_price,case1_co2_50,1,2023,1.35,1.0,ATB_Mid,False,50.0,0.067,0.0922,,,,,96188584.06599833,93998283.7155585,-0.023301493004571693,115.93630747826627,,-343631.50826446357,-414.17979678372296,0.5583906813630124,6917.708903509777,111.11111111111113,6806.597792398666,4.4965107872813554,9.363,829667.48,921852.7555555556,152219433.19682938,33950000.0,8076562.064282004,-17181575.413223196,-59769471.507813305,21759300.0,,,,,26110.750925160002,24207.41317929641,393949.67236891994,-42865664.27407654,0.0,0.0,84814.94739490368,1178093.1534329941,362584.6742873656
s5_feasibility_2d,case2_smr_FOAK_abs_Turnkey_High,2,2023,1.35,1.0,,False,0.0,0.067,0.0922,14700.0,1200.0,FOAK,Turnkey_High,267123850.19870922,75869050.00119022,-2.520854026701516,321.9649517885276,,-359613.1867216097,-433.4425482382528,0.5727502841696037,6785.866475226896,146.2796068527759,6639.58686837412,4.4108132088974825,15.583,829667.48,921852.7555555556,306769610.7442375,37150000.0,7850473.656540276,-0.0,-64614568.50087627,21759300.0,,,,,25456.120063106853,24207.41317929641,409276.7199640129,-41790965.70119229,351544.0631009371,303069.84354304953,84814.94739490368,1220247.2747023685,362584.6742873656
s8_size_matching,case3_load_x200,3,2023,1.35,2.0,,False,0.0,0.067,0.0922,,,,,111153644.16076654,151738100.00238043,0.2674638461993211,66.98686331587116,,971710.1168543111,585.6021480161613,0.18474430390337926,1128.8807089317834,111.11111111111113,1017.7695978206723,0.7337724608056593,0.036,1659334.96,1843705.5111111111,48267656.538614005,14280000.0,6659512.740755299,0.0,0.0,41946474.88139723,832894.3858751238,971710.1168543111,400.0,2.633095890410959,,,,,,,,,725169.3485747311
s8_size_matching,case0_load_x250,0,2023,1.35,2.5,,False,0.0,0.067,0.0922,,,,,189672625.00297552,189672625.00297552,0.0,91.44512931998999,24.133880223726717,906461.6857184138,437.0240885991645,,1963.9737122718223,111.11111111111113,1852.8626011607112,1.2765829129766844,0.034,2074168.7,2304631.888888889,8350435.89642456,3200000.0,1152315.9444444445,0.0,176969873.1621065,0.0,,,,,,,,,,,,,906461.6857184138
s6_carbon_price,case1_co2_100,1,2023,1.35,1.0,ATB_Mid,False,100.0,0.067,0.0922,,,,,79007008.65277515,112127517.42992678,0.2953825210466292,95.22731763908013,,-343631.50826446357,-414.17979678372296,0.5583906813630124,6917.708903509777,111.11111111111113,6806.597792398666,4.4965107872813554,9.485,829667.48,921852.7555555556,152219433.19682938,33950000.0,8076562.064282004,-34363150.82644639,-59769471.507813305,21759300.0,,,,,26110.750925160002,24207.41317929641,393949.67236891994,-42865664.27407654,0.0,0.0,84814.94739490368,1178093.1534329941,362584.6742873656
s6_carbon_price,case2_co2_0,2,2023,1.35,1.0,ATB_Mid,False,0.0,0.067,0.0922,,,,,122594195.72701055,75869050.00119022,-0.6158657018255445,147.76304806717332,,-359613.1867216097,-433.4425482382528,0.5727502841696037,6785.866475226896,146.2796068527759,6639.58686837412,4.4108132088974825,16.016,829667.48,921852.7555555556,162239956.27253884,37150000.0,7850473.656540276,-0.0,-64614568.50087627,21759300.0,,,,,25456.120063106853,24207.41317929641,409276.7199640129,-41790965.70119229,351544.0631009371,303069.84354304953,84814.94739490368,1220247.2747023685,362584.6742873656
s8_size_matching,case3_load_x250,3,2023,1.35,2.5,,False,0.0,0.067,0.0922,,,,,138942055.2009582,189672625.00297552,0.267463846199321,66.98686331587118,,1214637.646067889,585.6021480161613,0.18474430390337923,1128.8807089317836,111.11111111111113,1017.7695978206724,0.7337724608056594,0.035,2074168.7,2304631.888888889,60334570.67326751,17850000.0,8324390.925944125,0.0,0.0,52433093.601746544,1041117.9823439048,1214637.646067889,500.0,2.633095890410959,,,,,,,,,906461.6857184138
s8_size_matching,case0_load_x300,0,2023,1.35,3.0,,False,0.0,0.067,0.0922,,,,,227607150.00357062,227607150.00357062,0.0,91.44512931998999,24.133880223726717,1087754.0228620965,437.0240885991645,,1963.9737122718223,111.1111111111111,1852.8626011607112,1.2765829129766844,0.033,2489002.44,2765558.266666666,10020523.075709471,3840000.0,1382779.133333333,0.0,212363847.7945278,0.0,,,,,,,,,,,,,1087754.0228620965
s8_size_matching,case1_load_x050,1,2023,1.35,0.5,ATB_Mid,False,0.0,0.067,0.0922,,,,,75431233.31305644,37934525.00059511,-0.9884586221093606,181.8348558462396,,-524930.9938122808,-1265.4009141403997,0.5583906813630124,13579.143448940196,111.11111111111113,13468.032337829085,8.826443241811129,9.151,414833.74,460926.3777777778,150549346.01754445,33310000.0,7846098.875393208,-0.0,-95167847.30580468,21759300.0,,,,,26110.750925160002,12103.706589648205,563145.451327089,-42865664.27407654,0.0,0.0,42407.47369745184,1676994.532194078,181292.3371436828
s6_carbon_price,case2_co2_50,2,2023,1.35,1.0,ATB_Mid,False,50.0,0.067,0.0922,,,,,104431310.55760616,93998283.7155585,-0.11099167378011177,125.87128346600515,,-366792.13950816076,-442.09535548887703,0.5838937076324305,6688.6337556253475,172.99087160029168,6515.6428840250555,4.347611941156476,14.507,829667.48,921852.7555555556,162239956.27253884,37150000.0,7682075.051283184,-18339606.97540805,-65067015.21808638,21759300.0,,,,,24970.298205676707,24207.41317929641,415969.8508931339,-40993398.57272146,618549.6981694218,527987.3701309944,84814.94739490368,1239994.3138254862,362584.6742873656
s8_size_matching,case3_load_x300,3,2023,1.35,3.0,,False,0.0,0.067,0.0922,,,,,166730466.2411498,227607150.00357062,0.267463846199321,66.98686331587116,,1457565.1752814667,585.6021480161613,0.18474430390337923,1128.8807089317836,111.1111111111111,1017.7695978206724,0.7337724608056594,0.038,2489002.44,2765558.266666666,72401484.807921,21420000.0,9989269.11113295,0.0,0.0,62919712.32209585,1249341.5788126858,1457565.1752814667,600.0,2.633095890410959,,,,,,,,,1087754.0228620965
s8_size_matching,case1_load_x100,1,2023,1.35,1.0,ATB_Mid,False,0.0,0.067,0.0922,,,,,113370159.47922154,75869050.00119022,-0.4942873210807703,136.64529731745245,,-343631.50826446357,-414.17979678372296,0.5583906813630124,6917.708903509777,111.11111111111113,6806.597792398666,4.4965107872813554,9.61,829667.48,921852.7555555556,152219433.19682938,33950000.0,8076562.064282004,-0.0,-59769471.507813305,21759300.0,,,,,26110.750925160002,24207.41317929641,393949.67236891994,-42865664.27407654,0.0,0.0,84814.94739490368,1178093.1534329941,362584.6742873656
s6_carbon_price,case2_co2_100,2,2023,1.35,1.0,ATB_Mid,False,100.0,0.067,0.0922,,,,,85980127.82571122,112127517.42992678,0.23319333383579252,103.63203319203402,,-370267.8061933916,-446.2845840280393,0.5917439621765457,6622.767760114267,191.63758752449678,6431.13017258977,4.304799044074274,14.628,829667.48,921852.7555555556,162239956.27253884,37150000.0,7566817.274571904,-37026780.61933913,-65259597.36496014,21759300.0,,,,,24639.034670285462,24207.41317929641,419114.2540429735,-40449567.737100236,804942.1537249773,681350.1179973084,84814.94739490368,1250779.2388791402,362584.6742873656
s8_size_matching,case1_load_x150,1,2023,1.35,1.5,ATB_Mid,False,0.0,0.067,0.0922,,,,,151309085.60867298,113803575.00178531,-0.32956355374863483,121.58211111168937,,-162332.0228073244,-130.43942440436047,0.5583906813630124,4722.408418176968,111.1111111111111,4611.297307065856,3.069565471815029,9.873,1244501.22,1382779.133333333,153889520.37611428,34590000.0,8307025.253170886,-0.0,-24371095.746535663,21759300.0,,,,,26110.750925160002,44116.46835434501,232559.24208682938,-42865664.27407654,0.0,0.0,149288.3886858951,701257.7425281086,543877.0114310483
s7_wacc,case2_wacc_50,2,2023,1.35,1.0,ATB_Mid,False,0.0,0.05,0.08024258719069129,,,,,93885993.14901362,75869050.00119022,-0.23747421573804817,113.16098968831902,,-360447.8055271425,-434.4485160815782,0.5738169419762615,6776.396574910768,148.8820716913935,6627.514503219375,4.404657773692,15.331,829667.48,921852.7555555556,131175206.43330297,37150000.0,7834070.592304499,-0.0,-64673590.92594016,21759300.0,,,,,25408.80014763169,24207.41317929641,410064.0188540706,-39358992.95065369,377558.2853231593,324977.2118185892,84814.94739490368,1222629.539320873,362584.6742873656
s8_size_matching,case1_load_x200,1,2023,1.35,2.0,ATB_Mid,False,0.0,0.067,0.0922,,,,,189248011.61173618,151738100.00238043,-0.24720166924963013,114.05051793263982,,18967.462314904064,11.430761583486474,0.5583906813630124,3824.2450874376764,111.11111111111113,3713.133976326565,2.4857593068344896,9.539,1659334.96,1843705.5111111111,155559607.5553992,35230000.0,8537488.442059739,0.0,11027279.888353804,21759300.0,,,,,26110.750925160002,143734.89373568297,150878.1823459389,-42865664.27407654,0.0,0.0,446871.41238752124,457531.91500373266,725169.3485747311
s8_size_matching,case1_load_x250,1,2023,1.35,2.5,ATB_Mid,False,0.0,0.067,0.0922,,,,,227186937.68437576,189672625.00297552,-0.19778453891705103,109.53156205875432,,200266.9476538362,96.552873280672,0.5583906813630124,3344.4857401432205,111.11111111111113,3233.374629032109,2.1739157310930937,9.209,2074168.7,2304631.888888889,157229694.7346841,35870000.0,8767951.630948605,0.0,46425655.592819594,21759300.0,,,,,26110.750925160002,272958.1479339472,98801.951205271,-42865664.27407654,0.0,0.0,830837.2101551484,300188.86091812636,906461.6857184138
s7_wacc,case2_wacc_67,2,2023,1.35,1.0,ATB_Mid,False,0.0,0.067,0.09220335330804692,,,,,122594195.72701055,75869050.00119022,-0.6158657018255445,147.76304806717332,,-359613.1867216097,-433.4425482382528,0.5727502841696037,6785.866475226896,146.2796068527759,6639.58686837412,4.4108132088974825,15.403,829667.48,921852.7555555556,162239956.27253884,37150000.0,7850473.656540276,-0.0,-64614568.50087627,21759300.0,,,,,25456.120063106853,24207.41317929641,409276.7199640129,-41790965.70119229,351544.0631009371,303069.84354304953,84814.94739490368,1220247.2747023685,362584.6742873656
s8_size_matching,case2_load_x050,2,2023,1.35,0.5,ATB_Mid,False,0.0,0.067,0.0922,,,,,80043251.4736195,37934525.00059511,-1.1100370038207623,192.95260668435384,,-532921.8329501968,-1284.663665376391,0.5654793366585079,13447.301020657314,146.2796068527759,13301.02141380454,8.740745663427255,14.942,414833.74,460926.3777777778,155559607.55539918,34910000.0,7733054.6715225605,-0.0,-97590395.7656677,21759300.0,,,,,25783.435494133428,12103.706589648205,570808.9750339785,-42328314.987634525,175772.03155046856,151534.92177152477,42407.47369745184,1698071.592566174,181292.3371436828
s7_wacc,case2_wacc_100,2,2023,1.35,1.0,ATB_Mid,False,0.0,0.1,0.11745962477254576,,,,,184084544.06583828,75869050.00119022,-1.4263457109710798,221.87749731475347,,-358061.36931379844,-431.57213937540183,0.5710382348580484,6801.141304958741,142.08328244598528,6659.058022512756,4.420741848223182,15.98,829667.48,921852.7555555556,227877360.55706775,37150000.0,7876928.552486704,-0.0,-64509678.02304997,21759300.0,,,,,25532.44092950163,24207.41317929641,407801.22342259646,-46069367.02066621,309597.6306208829,267736.1091012302,84814.94739490368,1215752.9495199365,362584.6742873656
s8_size_matching,case1_load_x300,1,2023,1.35,3.0,ATB_Mid,False,0.0,0.067,0.0922,,,,,265125863.77721465,227607150.00357062,-0.16483978545074462,106.51892481761273,,381566.43302042707,153.30094775657474,0.5583906813630124,3060.071999761106,111.1111111111111,2948.9608886499946,1.9890467998447188,9.361,2489002.44,2765558.266666666,158899781.913969,36510000.0,8998414.819837444,0.0,81824031.31748469,21759300.0,,,,,26110.750925160002,423160.53484402015,67704.85274875308,-42865664.27407654,0.0,0.0,1276898.0526916927,204940.85152111118,1087754.0228620965
s8_size_matching,case2_load_x100,2,2023,1.35,1.0,ATB_Mid,False,0.0,0.067,0.0922,,,,,122594195.72701055,75869050.00119022,-0.6158657018255445,147.76304806717332,,-359613.1867216097,-433.4425482382528,0.5727502841696037,6785.866475226896,146.2796068527759,6639.58686837412,4.4108132088974825,15.375,829667.48,921852.7555555556,162239956.27253884,37150000.0,7850473.656540276,-0.0,-64614568.50087627,21759300.0,,,,,25456.120063106853,24207.41317929641,409276.7199640129,-41790965.70119229,351544.0631009371,303069.84354304953,84814.94739490368,1220247.2747023685,362584.6742873656
s8_size_matching,case2_load_x150,2,2023,1.35,1.5,ATB_Mid,False,0.0,0.067,0.0922,,,,,165145139.98038214,113803575.00178531,-0.4511419344936344,132.69986186143083,,-186304.5404931096,-149.7021758589434,0.5802106472421181,4567.302575191807,146.2796068527759,4421.022968339031,2.9687466738746746,15.842,1244501.22,1382779.133333333,168920304.9896785,39390000.0,7967892.641558035,-0.0,-31638741.236104485,21759300.0,,,,,25128.80463208022,36737.516679083106,248170.86180427295,-41253616.414749876,527316.0946514057,454604.76531468314,128900.11546171257,744100.6512081604,543877.0114310483
s8_size_matching,case2_load_x200,2,2023,1.35,2.0,ATB_Mid,False,0.0,0.067,0.0922,,,,,207696084.2337886,151738100.00238043,-0.3687800508279089,125.16826875858061,,-12995.894264502675,-7.831989669224274,0.5878679252607582,3636.329255788788,146.2796068527759,3490.049648936012,2.363614016262712,15.889,1659334.96,1843705.5111111111,175600653.70681816,41630000.0,8085311.626575471,-0.0,1337086.028701029,21759300.0,,,,,24801.489201052787,120123.62758938647,157921.01105494192,-40716267.12830605,703088.1262018742,606139.6870862443,381347.0753937166,476315.8195788349,725169.3485747311
s8_size_matching,case2_load_x250,2,2023,1.35,2.5,ATB_Mid,False,0.0,0.067,0.0922,,,,,250247028.48717794,189672625.00297552,-0.31936292062838345,120.64931289686221,,160312.7519640863,77.29012204459855,0.5957300187945764,3146.905629641695,146.27960685277594,3000.6260227889193,2.045488659267102,15.866,2074168.7,2304631.888888889,182281002.4239578,43870000.0,8202730.61159355,0.0,34312913.29349197,21759300.0,,,,,24474.17377002714,238205.30774471298,102366.7295506538,-40178917.84186538,878860.1577523428,757674.6088578054,734815.3489801763,309552.30160406436,906461.6857184138
s8_size_matching,case2_load_x300,2,2023,1.35,3.0,ATB_Mid,False,0.0,0.067,0.0922,,,,,292797972.7405676,227607150.00357062,-0.2864181671620348,117.63667565571677,,333621.39819265244,134.03819652047125,0.6038052567878586,2859.966502676623,146.2796068527759,2713.686895823847,1.858978226739805,15.205,2489002.44,2765558.266666666,188961351.14109743,46110000.0,8320149.596611194,0.0,67288740.55828153,21759300.0,,,,,24146.8583390001,379742.4692973884,70267.929443736,-39641568.55542253,1054632.1893028114,909209.5306293663,1157245.274657201,211750.43571989922,1087754.0228620965
